intervention_token_type,intervention_layer,belief_shift_mean,belief_shift_std,count,before_probability_mean,after_probability_mean,before_after_probability_mass_mean,belief_shift_sem,belief_shift_ci95
audio,0,1.010727220677183,0.2667950872894215,1000,0.5407170491218567,0.451481429643929,0.9921984787657857,0.008436801443780102,0.016536130829809
audio,1,1.012009533808673,0.2092316938450951,1000,0.5407170491218567,0.451481429643929,0.9921984787657857,0.00661648711245534,0.012968314740412466
audio,2,1.0136615760546457,0.294825586161864,1000,0.5407170491218567,0.451481429643929,0.9921984787657857,0.009323203647657102,0.01827347914940792
audio,3,1.002704583678915,0.18679624927420607,1000,0.5407170491218567,0.451481429643929,0.9921984787657857,0.0059070160608306575,0.011577751479228088
audio,4,1.005705047842486,0.21590576663577626,1000,0.5407170491218567,0.451481429643929,0.9921984787657857,0.0068275398253384275,0.013381978057663318
audio,5,1.004615611159253,0.21809361347434889,1000,0.5407170491218567,0.451481429643929,0.9921984787657857,0.00689672561715331,0.013517582209620486
audio,6,1.01246442741352,0.22604400797790153,1000,0.5407170491218567,0.451481429643929,0.9921984787657857,0.007148139166434409,0.014010352766211442
audio,7,1.0162145525046928,0.27571546591442636,1000,0.5407170491218567,0.451481429643929,0.9921984787657857,0.008718888584241068,0.017089021625112492
audio,8,1.0060772851840363,0.24476544564075417,1000,0.5407170491218567,0.451481429643929,0.9921984787657857,0.007740163007309148,0.015170719494325928
audio,9,1.006705345645174,0.23230599326873663,1000,0.5407170491218567,0.451481429643929,0.9921984787657857,0.007346160528369517,0.014398474635604255
audio,10,1.0093874353545984,0.21253476181283004,1000,0.5407170491218567,0.451481429643929,0.9921984787657857,0.0067209392928992,0.013173041014082431
audio,11,1.010016079868894,0.24889927970552725,1000,0.5407170491218567,0.451481429643929,0.9921984787657857,0.007870886318447897,0.015426937184157878
audio,12,1.0112717445619488,0.23075693728624236,1000,0.5407170491218567,0.451481429643929,0.9921984787657857,0.007297175077091599,0.014302463151099534
audio,13,1.0122738217129303,0.22406760104228873,1000,0.5407170491218567,0.451481429643929,0.9921984787657857,0.007085639691435507,0.013887853795213593
audio,14,1.0039452113109648,0.16900600114956518,1000,0.5407170491218567,0.451481429643929,0.9921984787657857,0.005344439018696614,0.010475100476645363
audio,15,1.0095704128791916,0.20481345115801772,1000,0.5407170491218567,0.451481429643929,0.9921984787657857,0.006476770010989869,0.012694469221540144
audio,16,1.008016171171557,0.19626275732312556,1000,0.5407170491218567,0.451481429643929,0.9921984787657857,0.0062063733300596795,0.012164491726916972
audio,17,1.0086837854283257,0.2312384275451773,1000,0.5407170491218567,0.451481429643929,0.9921984787657857,0.007312401135985786,0.01433230622653214
audio,18,0.9993770721985462,0.2077264824285476,1000,0.5407170491218567,0.451481429643929,0.9921984787657857,0.006568888148091555,0.012875020770259447
audio,19,1.0015230853388901,0.23027225457481207,1000,0.5407170491218567,0.451481429643929,0.9921984787657857,0.007281848063985341,0.014272422205411268
audio,20,0.9811113986114175,0.2254455987827995,1000,0.5407170491218567,0.451481429643929,0.9921984787657857,0.007129215806141304,0.013973262980036956
audio,21,0.9866011926279367,0.24585455518287622,1000,0.5407170491218567,0.451481429643929,0.9921984787657857,0.007774603675054435,0.015238223203106692
audio,22,0.8949753729826513,0.26353972264398956,1000,0.5407170491218567,0.451481429643929,0.9921984787657857,0.00833385777484059,0.016334361238687554
audio,23,0.7214668706796553,0.3876853390323501,1000,0.5407170491218567,0.451481429643929,0.9921984787657857,0.012259686867968049,0.024028986261217376
audio,24,0.332330489560755,0.3168976158578073,1000,0.5407170491218567,0.451481429643929,0.9921984787657857,0.010021182511877648,0.01964151772328019
audio,25,0.3197813239294175,0.3182925315059468,1000,0.5407170491218567,0.451481429643929,0.9921984787657857,0.010065293617796955,0.01972797549088203
audio,26,0.2878149250471629,0.31990786337800636,1000,0.5407170491218567,0.451481429643929,0.9921984787657857,0.010116374896724676,0.019828094797580364
audio,27,0.26136439000666134,0.3190796597050574,1000,0.5407170491218567,0.451481429643929,0.9921984787657857,0.010090184796994316,0.01977676220210886
audio,28,0.2603037440141329,0.3291915729341933,1000,0.5407170491218567,0.451481429643929,0.9921984787657857,0.010409951570054893,0.02040350507730759
audio,29,0.22472067510601068,0.3036292949188639,1000,0.5407170491218567,0.451481429643929,0.9921984787657857,0.009601601362945997,0.018819138671374153
audio,30,0.2026782408999839,0.28122370072558406,1000,0.5407170491218567,0.451481429643929,0.9921984787657857,0.008893074263143926,0.017430425555762095
audio,31,0.15093728981314578,0.22165633105323304,1000,0.5407170491218567,0.451481429643929,0.9921984787657857,0.007009388639245255,0.013738401732920699
audio,32,0.07188182112092373,0.16419610524114273,1000,0.5407170491218567,0.451481429643929,0.9921984787657857,0.005192336754907218,0.010176980039618148
audio,33,0.06306109919174945,0.17768086731025867,1000,0.5407170491218567,0.451481429643929,0.9921984787657857,0.005618762373345731,0.011012774251757633
audio,34,0.006997150284952174,0.10915911136267388,1000,0.5407170491218567,0.451481429643929,0.9921984787657857,0.003451914192660159,0.006765751817613912
audio,35,0.009258190004368097,0.09971257367539638,1000,0.5407170491218567,0.451481429643929,0.9921984787657857,0.003153188441715996,0.0061802493457633525
audio,36,-0.0009294211903961246,0.08385997799538761,1000,0.5407170491218567,0.451481429643929,0.9921984787657857,0.002651885349970261,0.005197695285941712
audio,37,0.0014284757400864735,0.06219996244717477,1000,0.5407170491218567,0.451481429643929,0.9921984787657857,0.0019669355171001287,0.0038551936135162524
audio,38,-0.0004290779508831978,0.06261079019634104,1000,0.5407170491218567,0.451481429643929,0.9921984787657857,0.0019799270312337866,0.003880656981218222
audio,39,-0.0002984382650908125,0.06692087649055543,1000,0.5407170491218567,0.451481429643929,0.9921984787657857,0.0021162239272497075,0.004147798897409427
audio,40,-0.002529769831618406,0.0714562820004248,1000,0.5407170491218567,0.451481429643929,0.9921984787657857,0.0022596460424863522,0.00442890624327325
audio,41,-0.0014771487879418164,0.07360167939822683,1000,0.5407170491218567,0.451481429643929,0.9921984787657857,0.0023274894651188795,0.0045618793516330036
audio,42,0.0005030721910223839,0.06514530307734971,1000,0.5407170491218567,0.451481429643929,0.9921984787657857,0.0020600753658640138,0.004037747717093467
audio,43,-0.0008956960078672628,0.05631475107361137,1000,0.5407170491218567,0.451481429643929,0.9921984787657857,0.001780828792580245,0.0034904244334572803
audio,44,-0.0016527715379392985,0.07333218666173402,1000,0.5407170491218567,0.451481429643929,0.9921984787657857,0.002318967356516991,0.004545176018773303
audio,45,-0.0023531412627563458,0.06483399858250004,1000,0.5407170491218567,0.451481429643929,0.9921984787657857,0.0020502310533682825,0.004018452864601833
audio,46,-0.0011204840960188378,0.04391464682689973,1000,0.5407170491218567,0.451481429643929,0.9921984787657857,0.0013887030661488924,0.002721858009651829
audio,47,0.0,0.0,1000,0.5407170491218567,0.451481429643929,0.9921984787657857,0.0,0.0
control,0,0.006784880789707141,0.14394599944779268,1000,0.5407170491218567,0.451481429643929,0.9921984787657857,0.0045519721832436464,0.008921865479157546
control,1,0.015203339161210054,0.2336304992077769,1000,0.5407170491218567,0.451481429643929,0.9921984787657857,0.007388045083787391,0.014480568364223286
control,2,0.008879658527595573,0.22679665346421346,1000,0.5407170491218567,0.451481429643929,0.9921984787657857,0.007171939906508318,0.014057002216756303
control,3,0.003945079599033366,0.16063034483496863,1000,0.5407170491218567,0.451481429643929,0.9921984787657857,0.005079577510167645,0.009955971919928584
control,4,0.00686013375478237,0.1921908147643928,1000,0.5407170491218567,0.451481429643929,0.9921984787657857,0.006077607200189985,0.01191211011237237
control,5,0.0033127994382383965,0.1541646763100829,1000,0.5407170491218567,0.451481429643929,0.9921984787657857,0.004875115118824646,0.009555225632896305
control,6,0.006860110604586156,0.1430897370801448,1000,0.5407170491218567,0.451481429643929,0.9921984787657857,0.004524894789679089,0.008868793787771015
control,7,0.003945758202135457,0.18957945027731815,1000,0.5407170491218567,0.451481429643929,0.9921984787657857,0.005995028604389652,0.011750256064603719
control,8,0.010073571045125535,0.17496608206439862,1000,0.5407170491218567,0.451481429643929,0.9921984787657857,0.005532913325994351,0.010844510118948927
control,9,0.007096338417333927,0.1749836304749201,1000,0.5407170491218567,0.451481429643929,0.9921984787657857,0.005533468255459987,0.010845597780701575
control,10,0.0053081944467994495,0.1685045004870899,1000,0.5407170491218567,0.451481429643929,0.9921984787657857,0.005328580175281562,0.010444017143551861
control,11,8.607099885302774e-05,0.1963509937426813,1000,0.5407170491218567,0.451481429643929,0.9921984787657857,0.006209163610643423,0.01216996067686111
control,12,0.0036678489652350013,0.15235762500753408,1000,0.5407170491218567,0.451481429643929,0.9921984787657857,0.004817971139176362,0.009443223432785669
control,13,0.002943037255618374,0.14335659759678598,1000,0.5407170491218567,0.451481429643929,0.9921984787657857,0.004533333660180643,0.00888533397395406
control,14,-0.0012082070790519848,0.15871313067371848,1000,0.5407170491218567,0.451481429643929,0.9921984787657857,0.005018949875048847,0.00983714175509574
control,15,-0.0003407242888650374,0.13621353654837787,1000,0.5407170491218567,0.451481429643929,0.9921984787657857,0.004307450236394644,0.008442602463333502
control,16,0.004613558740961585,0.21111765944778058,1000,0.5407170491218567,0.451481429643929,0.9921984787657857,0.006676126581387523,0.013085208099519545
control,17,0.0024746757293025623,0.18478535521259837,1000,0.5407170491218567,0.451481429643929,0.9921984787657857,0.005843426007150784,0.011453114974015537
control,18,0.0032982711599691193,0.19724808203757574,1000,0.5407170491218567,0.451481429643929,0.9921984787657857,0.006237532033384855,0.012225562785434315
control,19,-0.004299960249261554,0.2170419773096402,1000,0.5407170491218567,0.451481429643929,0.9921984787657857,0.006863469961650475,0.013452401124834932
control,20,-0.006021294611973018,0.14917564787684998,1000,0.5407170491218567,0.451481429643929,0.9921984787657857,0.0047173481872210725,0.009246002446953302
control,21,-0.0013188400786810959,0.1671723289414782,1000,0.5407170491218567,0.451481429643929,0.9921984787657857,0.005286453212099564,0.010361448295715144
control,22,-0.004132917011896812,0.20362619672108864,1000,0.5407170491218567,0.451481429643929,0.9921984787657857,0.0064392257291615036,0.012620882429156547
control,23,0.0003490740946333348,0.15639293136361535,1000,0.5407170491218567,0.451481429643929,0.9921984787657857,0.004945578730594075,0.009693334311964386
control,24,-1.9336630573316137e-05,0.16682271197350246,1000,0.5407170491218567,0.451481429643929,0.9921984787657857,0.005275397352825109,0.010339778811537213
control,25,0.005656301650022894,0.11323388665351218,1000,0.5407170491218567,0.451481429643929,0.9921984787657857,0.0035807699013844,0.007018309006713424
control,26,0.005221462395984652,0.12144745706720653,1000,0.5407170491218567,0.451481429643929,0.9921984787657857,0.003840505803678856,0.0075273913752105575
control,27,0.00417034543948201,0.12266620524316249,1000,0.5407170491218567,0.451481429643929,0.9921984787657857,0.0038790460049808206,0.007602930169762408
control,28,0.00760721779282211,0.12386749263074416,1000,0.5407170491218567,0.451481429643929,0.9921984787657857,0.003917034047672736,0.007677386733438563
control,29,0.006995285432592043,0.10449561188895704,1000,0.5407170491218567,0.451481429643929,0.9921984787657857,0.0033044413906207415,0.0064767051256166535
control,30,0.004304342965213418,0.12447267876516754,1000,0.5407170491218567,0.451481429643929,0.9921984787657857,0.0039361717136040435,0.007714896558663925
control,31,0.008313564157827191,0.1260297508388121,1000,0.5407170491218567,0.451481429643929,0.9921984787657857,0.003985410655941626,0.0078114048856455865
control,32,0.0075178470192243255,0.1383487514848341,1000,0.5407170491218567,0.451481429643929,0.9921984787657857,0.004374971661326778,0.008574944456200485
control,33,0.006370519614502344,0.11696339919590004,1000,0.5407170491218567,0.451481429643929,0.9921984787657857,0.003698707443345509,0.007249466588957198
control,34,0.006562684668992812,0.1289646835661939,1000,0.5407170491218567,0.451481429643929,0.9921984787657857,0.004078221377920591,0.007993313900724358
control,35,0.008077313770026722,0.11533051964521432,1000,0.5407170491218567,0.451481429643929,0.9921984787657857,0.0036470712580967163,0.007148259665869564
control,36,-0.0031627345644517665,0.09845464161517781,1000,0.5407170491218567,0.451481429643929,0.9921984787657857,0.0031134091371956083,0.006102281908903392
control,37,-0.008562092609511171,0.13791328124306107,1000,0.5407170491218567,0.451481429643929,0.9921984787657857,0.004361200883154508,0.008547953730982836
control,38,-0.008893815564966219,0.07685717452531558,1000,0.5407170491218567,0.451481429643929,0.9921984787657857,0.0024304372602506775,0.004763657030091328
control,39,-0.007884302257423705,0.11795837552729586,1000,0.5407170491218567,0.451481429643929,0.9921984787657857,0.003730171357597202,0.007311135860890516
control,40,-0.01169397965927247,0.1012196805365115,1000,0.5407170491218567,0.451481429643929,0.9921984787657857,0.0032008473452999043,0.006273660796787812
control,41,-0.013058561074508096,0.12151716062185285,1000,0.5407170491218567,0.451481429643929,0.9921984787657857,0.0038427100236157795,0.007531711646286928
control,42,-0.0086156461027836,0.08492093454661634,1000,0.5407170491218567,0.451481429643929,0.9921984787657857,0.0026854357419738603,0.0052634540542687664
control,43,-0.00462745326213303,0.0879297629230538,1000,0.5407170491218567,0.451481429643929,0.9921984787657857,0.002780583249554749,0.005449943169127308
control,44,-0.007688507938783035,0.06903204756273369,1000,0.5407170491218567,0.451481429643929,0.9921984787657857,0.002182985018433138,0.00427865063612895
control,45,-0.002525071969401495,0.04505472029349967,1000,0.5407170491218567,0.451481429643929,0.9921984787657857,0.0014247553546926893,0.002792520495197671
control,46,-0.0018035145597542846,0.04815404793645739,1000,0.5407170491218567,0.451481429643929,0.9921984787657857,0.0015227647003613644,0.002984618812708274
control,47,0.0,0.0,1000,0.5407170491218567,0.451481429643929,0.9921984787657857,0.0,0.0
events,0,0.006844821275707252,0.1425335708524371,1000,0.5407170491218567,0.451481429643929,0.9921984787657857,0.004507307269306887,0.008834322247841498
events,1,0.01304768060977105,0.2062928442071509,1000,0.5407170491218567,0.451481429643929,0.9921984787657857,0.006523552526888692,0.012786162952701836
events,2,0.015283363553446583,0.18132512677000032,1000,0.5407170491218567,0.451481429643929,0.9921984787657857,0.005734003976119713,0.011238647793194638
events,3,0.015849012171972026,0.19746728850336576,1000,0.5407170491218567,0.451481429643929,0.9921984787657857,0.006244463950482178,0.012239149342945068
events,4,0.015621504459165865,0.17770812575694356,1000,0.5407170491218567,0.451481429643929,0.9921984787657857,0.0056196243611157555,0.011014463747786881
events,5,0.0058291939701870755,0.13114052771809934,1000,0.5407170491218567,0.451481429643929,0.9921984787657857,0.004147027611456377,0.008128174118454498
events,6,0.006815716340816759,0.13565520370905151,1000,0.5407170491218567,0.451481429643929,0.9921984787657857,0.004289794201747243,0.008407996635424596
events,7,0.005214946222944788,0.14422884745393355,1000,0.5407170491218567,0.451481429643929,0.9921984787657857,0.004560916622554071,0.00893939658020598
events,8,0.003884228504166024,0.15731209905303808,1000,0.5407170491218567,0.451481429643929,0.9921984787657857,0.004974645365096176,0.009750304915588506
events,9,0.002241430039587417,0.14799722480438757,1000,0.5407170491218567,0.451481429643929,0.9921984787657857,0.004680083177658324,0.009172963028210314
events,10,-0.004289329259009896,0.19481175751045862,1000,0.5407170491218567,0.451481429643929,0.9921984787657857,0.006160488687134628,0.012074557826783872
events,11,-0.003046677508633804,0.1716545788086736,1000,0.5407170491218567,0.451481429643929,0.9921984787657857,0.00542819439832281,0.010639261020712708
events,12,0.0009079243774515311,0.15031475525488688,1000,0.5407170491218567,0.451481429643929,0.9921984787657857,0.004753369925362063,0.009316605053709645
events,13,0.0007932752238617975,0.14109432808728306,1000,0.5407170491218567,0.451481429643929,0.9921984787657857,0.004461794416868831,0.008745117057062908
events,14,0.00738311009301097,0.17925811809626355,1000,0.5407170491218567,0.451481429643929,0.9921984787657857,0.005668639422596393,0.01111053326828893
events,15,0.007155199312601243,0.15536274185500756,1000,0.5407170491218567,0.451481429643929,0.9921984787657857,0.004913001277905973,0.009629482504695707
events,16,0.004732788864178829,0.13777003343440716,1000,0.5407170491218567,0.451481429643929,0.9921984787657857,0.004356670989702765,0.00853907513981742
events,17,0.007586765121530677,0.13093701826237364,1000,0.5407170491218567,0.451481429643929,0.9921984787657857,0.004140592077401633,0.0081155604717072
events,18,0.007718912792737399,0.13077846426745346,1000,0.5407170491218567,0.451481429643929,0.9921984787657857,0.004135578159840968,0.008105733193288297
events,19,0.003425938111809023,0.15322794464716163,1000,0.5407170491218567,0.451481429643929,0.9921984787657857,0.004845493062712362,0.00949716640291623
events,20,0.017100740424616814,0.20002830991834833,1000,0.5407170491218567,0.451481429643929,0.9921984787657857,0.0063254505585603,0.012397883094778189
events,21,0.008893799561883403,0.20101369822712398,1000,0.5407170491218567,0.451481429643929,0.9921984787657857,0.006356611272914623,0.01245895809491266
events,22,0.092433634256379,0.1997826327573142,1000,0.5407170491218567,0.451481429643929,0.9921984787657857,0.006317681564580782,0.012382655866578333
events,23,0.19017998431951572,0.2657597215948903,1000,0.5407170491218567,0.451481429643929,0.9921984787657857,0.008404060305720896,0.016471958199212957
events,24,0.468911513324906,0.3877023740328002,1000,0.5407170491218567,0.451481429643929,0.9921984787657857,0.012260225561981693,0.024030042101484118
events,25,0.4573783556345199,0.3374019464707586,1000,0.5407170491218567,0.451481429643929,0.9921984787657857,0.010669586378218073,0.020912389301307423
events,26,0.3990577445829377,0.3189968689659355,1000,0.5407170491218567,0.451481429643929,0.9921984787657857,0.010087566723946376,0.019771630778934898
events,27,0.38346758580949936,0.32948408512021776,1000,0.5407170491218567,0.451481429643929,0.9921984787657857,0.010419201617566813,0.020421635170430955
events,28,0.361713447707641,0.30066981226065215,1000,0.5407170491218567,0.451481429643929,0.9921984787657857,0.00950801430398881,0.018635708035818068
events,29,0.4035029538056135,0.31373619037814926,1000,0.5407170491218567,0.451481429643929,0.9921984787657857,0.00992120946019155,0.01944557054197544
events,30,0.4101727265697927,0.3395617933347965,1000,0.5407170491218567,0.451481429643929,0.9921984787657857,0.010737886733093392,0.02104625799686305
events,31,0.3973381288593208,0.320783808328933,1000,0.5407170491218567,0.451481429643929,0.9921984787657857,0.010144074708223202,0.019882386428117474
events,32,0.5427005116612145,0.3053662322467741,1000,0.5407170491218567,0.451481429643929,0.9921984787657857,0.009656528144037628,0.018926795162313752
events,33,0.4788893532828377,0.30566074876617233,1000,0.5407170491218567,0.451481429643929,0.9921984787657857,0.009665841574136063,0.018945049485306682
events,34,0.5450942795130491,0.30946891792039055,1000,0.5407170491218567,0.451481429643929,0.9921984787657857,0.009786266456561329,0.019181082254860204
events,35,0.31948031997620896,0.24748310847238825,1000,0.5407170491218567,0.451481429643929,0.9921984787657857,0.00782610305191261,0.015339161981748716
events,36,0.2844801787376317,0.24242464584983464,1000,0.5407170491218567,0.451481429643929,0.9921984787657857,0.007666140418451631,0.015025635220165196
events,37,0.17471161965642784,0.1956265118697884,1000,0.5407170491218567,0.451481429643929,0.9921984787657857,0.006186253482224962,0.012125056825160926
events,38,0.04376771816077161,0.08533650534454959,1000,0.5407170491218567,0.451481429643929,0.9921984787657857,0.002698577244479087,0.00528921139917901
events,39,0.04656320218572356,0.07965360686168019,1000,0.5407170491218567,0.451481429643929,0.9921984787657857,0.00251886821530526,0.004936981701998309
events,40,0.03647724569600709,0.06623866686058058,1000,0.5407170491218567,0.451481429643929,0.9921984787657857,0.0020946505645254953,0.0041055151064699705
events,41,0.02189183646647087,0.08072862285698466,1000,0.5407170491218567,0.451481429643929,0.9921984787657857,0.0025528632059680103,0.0050036118836973
events,42,0.006699056521413683,0.06430513150555589,1000,0.5407170491218567,0.451481429643929,0.9921984787657857,0.002033506807942092,0.0039856733435665
events,43,0.005893846172995068,0.06504592344118315,1000,0.5407170491218567,0.451481429643929,0.9921984787657857,0.002056932705830762,0.004031588103428294
events,44,0.004754589129718983,0.04855603393795656,1000,0.5407170491218567,0.451481429643929,0.9921984787657857,0.001535476613883777,0.0030095341632122028
events,45,0.005389396943373863,0.059620283655074525,1000,0.5407170491218567,0.451481429643929,0.9921984787657857,0.0018853589109534415,0.003695303465468745
events,46,0.0006130357643601345,0.07261456461691708,1000,0.5407170491218567,0.451481429643929,0.9921984787657857,0.002296274154909301,0.00450069734362223
events,47,0.0,0.0,1000,0.5407170491218567,0.451481429643929,0.9921984787657857,0.0,0.0
part1,0,0.008357165881609539,0.16780047122549385,1000,0.5407170491218567,0.451481429643929,0.9921984787657857,0.005306316815221062,0.01040038095783328
part1,1,0.0009357137199113478,0.12137933136262327,1000,0.5407170491218567,0.451481429643929,0.9921984787657857,0.0038383514797419873,0.007523168900294295
part1,2,0.0039529865193944054,0.2058163732942851,1000,0.5407170491218567,0.451481429643929,0.9921984787657857,0.006508485193653936,0.012756630979561714
part1,3,0.010295828267204103,0.16893081920664652,1000,0.5407170491218567,0.451481429643929,0.9921984787657857,0.005342061556911216,0.010470440651545983
part1,4,0.003279083694495049,0.12307214479632464,1000,0.5407170491218567,0.451481429643929,0.9921984787657857,0.003891882940784255,0.00762809056393714
part1,5,0.008578285028942726,0.230670487797766,1000,0.5407170491218567,0.451481429643929,0.9921984787657857,0.0072944413042301814,0.014297104956291155
part1,6,0.0040004443674738445,0.18162315336339363,1000,0.5407170491218567,0.451481429643929,0.9921984787657857,0.005743428404503951,0.011257119672827744
part1,7,-0.00029131367437369195,0.1655602160098684,1000,0.5407170491218567,0.451481429643929,0.9921984787657857,0.005235473725006581,0.010261528501012898
part1,8,0.012697715356142326,0.2178612668645209,1000,0.5407170491218567,0.451481429643929,0.9921984787657857,0.00688937817221656,0.013503181217544458
part1,9,0.0073822091818428635,0.17472478270720324,1000,0.5407170491218567,0.451481429643929,0.9921984787657857,0.005525282770327632,0.010829554229842157
part1,10,0.006134258671447172,0.10693683091327578,1000,0.5407170491218567,0.451481429643929,0.9921984787657857,0.003381639514462554,0.006628013448346605
part1,11,0.004144387930986758,0.13844691711908055,1000,0.5407170491218567,0.451481429643929,0.9921984787657857,0.004378075931248516,0.008581028825247092
part1,12,0.0014105873040259538,0.18754404887723078,1000,0.5407170491218567,0.451481429643929,0.9921984787657857,0.005930663560619935,0.011624100578815072
part1,13,0.014748257585613723,0.2160331345633678,1000,0.5407170491218567,0.451481429643929,0.9921984787657857,0.006831567552858874,0.013389872403603393
part1,14,0.007737753124713027,0.1562949630342509,1000,0.5407170491218567,0.451481429643929,0.9921984787657857,0.004942480700000543,0.009687262172001063
part1,15,0.006620365286238334,0.14242046553901333,1000,0.5407170491218567,0.451481429643929,0.9921984787657857,0.004503730565248024,0.008827311907886127
part1,16,0.0010455719936769406,0.1345021311173137,1000,0.5407170491218567,0.451481429643929,0.9921984787657857,0.004253330844773194,0.008336528455755459
part1,17,0.0030251349704477405,0.1324878237477561,1000,0.5407170491218567,0.451481429643929,0.9921984787657857,0.004189632852818549,0.008211680391524355
part1,18,-0.00032210156357507223,0.12867988200629388,1000,0.5407170491218567,0.451481429643929,0.9921984787657857,0.004069215161816062,0.007975661717159481
part1,19,-5.4864694515411736e-05,0.09360501555291723,1000,0.5407170491218567,0.451481429643929,0.9921984787657857,0.0029600504956270386,0.0058016989714289955
part1,20,0.0017436178643217685,0.13552802166061356,1000,0.5407170491218567,0.451481429643929,0.9921984787657857,0.004285772352241745,0.008400113810393819
part1,21,-0.0021798159917513324,0.08006764882484052,1000,0.5407170491218567,0.451481429643929,0.9921984787657857,0.0025319613718100017,0.0049626442887476035
part1,22,0.004412492464733993,0.08499510146267279,1000,0.5407170491218567,0.451481429643929,0.9921984787657857,0.0026877811057915493,0.005268050967351437
part1,23,-0.004096771657002427,0.11887659390497898,1000,0.5407170491218567,0.451481429643929,0.9921984787657857,0.003759207972226236,0.007368047625563422
part1,24,0.00282941769599873,0.08308644984519525,1000,0.5407170491218567,0.451481429643929,0.9921984787657857,0.0026274242420816145,0.005149751514479964
part1,25,-0.003062942030083698,0.09979803276880683,1000,0.5407170491218567,0.451481429643929,0.9921984787657857,0.003155890895535497,0.006185546155249574
part1,26,0.004924866593054984,0.09543190447259745,1000,0.5407170491218567,0.451481429643929,0.9921984787657857,0.0030178217958101777,0.0059149307197879485
part1,27,0.003346319959977374,0.07622771892175495,1000,0.5407170491218567,0.451481429643929,0.9921984787657857,0.0024105321263186014,0.004724642967584459
part1,28,0.0012513504023891617,0.06347760401252237,1000,0.5407170491218567,0.451481429643929,0.9921984787657857,0.0020073380908981414,0.003934382658160357
part1,29,0.0016241725965057878,0.08665314290097174,1000,0.5407170491218567,0.451481429643929,0.9921984787657857,0.0027402129797912114,0.005370817440390774
part1,30,0.00045623476399425834,0.09097787156759701,1000,0.5407170491218567,0.451481429643929,0.9921984787657857,0.0028769729082788,0.005638866900226448
part1,31,-0.0025608778975176067,0.06277244465455724,1000,0.5407170491218567,0.451481429643929,0.9921984787657857,0.001985038994052624,0.0038906764283431427
part1,32,0.0007900981050700298,0.08927330479234818,1000,0.5407170491218567,0.451481429643929,0.9921984787657857,0.002823069773942454,0.00553321675692721
part1,33,0.00017753244555151449,0.07677249324994678,1000,0.5407170491218567,0.451481429643929,0.9921984787657857,0.0024277594031973443,0.004758408430266795
part1,34,-0.0011745378365153813,0.06107345209811597,1000,0.5407170491218567,0.451481429643929,0.9921984787657857,0.0019313121319923577,0.003785371778705021
part1,35,-0.0005944045023958952,0.06742220298655059,1000,0.5407170491218567,0.451481429643929,0.9921984787657857,0.0021320772630370674,0.004178871435552652
part1,36,-0.0018013730588844132,0.07055818975178063,1000,0.5407170491218567,0.451481429643929,0.9921984787657857,0.0022312458719397736,0.004373241909001956
part1,37,-0.00015630239451557346,0.06130535538760101,1000,0.5407170491218567,0.451481429643929,0.9921984787657857,0.0019386455579089388,0.00379974529350152
part1,38,0.0005713426997646071,0.03491598357238008,1000,0.5407170491218567,0.451481429643929,0.9921984787657857,0.0011041403483374366,0.0021641150827413757
part1,39,-0.0007701936471720056,0.0634093040612473,1000,0.5407170491218567,0.451481429643929,0.9921984787657857,0.0020051782567970643,0.003930149383322246
part1,40,-0.002948960624591643,0.08749822055262416,1000,0.5407170491218567,0.451481429643929,0.9921984787657857,0.002766936681580491,0.005423195895897763
part1,41,-0.001809534519356947,0.0649747066665911,1000,0.5407170491218567,0.451481429643929,0.9921984787657857,0.002054680633677545,0.004027174042007988
part1,42,-0.0002630072076847622,0.06087975317908297,1000,0.5407170491218567,0.451481429643929,0.9921984787657857,0.0019251868343477896,0.0037733661953216675
part1,43,-0.0012028239176018376,0.05017106719152612,1000,0.5407170491218567,0.451481429643929,0.9921984787657857,0.0015865484496656976,0.0031096349613447673
part1,44,-0.001513614975054693,0.06564755659195018,1000,0.5407170491218567,0.451481429643929,0.9921984787657857,0.002075958016553635,0.004068877712445124
part1,45,-0.0014617740356964492,0.04194752696540857,1000,0.5407170491218567,0.451481429643929,0.9921984787657857,0.001326497274220222,0.0025999346574716352
part1,46,-0.003584592834965785,0.05611483247104231,1000,0.5407170491218567,0.451481429643929,0.9921984787657857,0.0017745068112726828,0.0034780333500944584
part1,47,0.0,0.0,1000,0.5407170491218567,0.451481429643929,0.9921984787657857,0.0,0.0
part10,0,0.01146908854232812,0.15523069315343102,1000,0.5407170491218567,0.451481429643929,0.9921984787657857,0.0049088255313154755,0.009621298041378332
part10,1,0.013239771217819479,0.1822748094435135,1000,0.5407170491218567,0.451481429643929,0.9921984787657857,0.005764035579146711,0.011297509735127553
part10,2,0.00909407978959709,0.15960106924771594,1000,0.5407170491218567,0.451481429643929,0.9921984787657857,0.005047028958210386,0.009892176758092357
part10,3,0.004704701790847387,0.09063466526406352,1000,0.5407170491218567,0.451481429643929,0.9921984787657857,0.002866119772013871,0.005617594753147187
part10,4,0.008596454917760156,0.1567033996085683,1000,0.5407170491218567,0.451481429643929,0.9921984787657857,0.004955396598546139,0.009712577333150433
part10,5,0.009086239019682387,0.1439325258961337,1000,0.5407170491218567,0.451481429643929,0.9921984787657857,0.004551546112129504,0.008921030379773827
part10,6,0.0054454235161390885,0.14287209690426828,1000,0.5407170491218567,0.451481429643929,0.9921984787657857,0.0045180124030177946,0.008855304309914876
part10,7,0.00854454126023728,0.13629995653314286,1000,0.5407170491218567,0.451481429643929,0.9921984787657857,0.0043101830762667884,0.008447958829482904
part10,8,0.011359391798359349,0.15869858542589999,1000,0.5407170491218567,0.451481429643929,0.9921984787657857,0.005018489913926467,0.009836240231295874
part10,9,0.007310967107882188,0.13544400750409738,1000,0.5407170491218567,0.451481429643929,0.9921984787657857,0.004283115591338855,0.008394906559024156
part10,10,0.0092276654239052,0.10852888273398255,1000,0.5407170491218567,0.451481429643929,0.9921984787657857,0.0034319846135270676,0.0067266898425130525
part10,11,0.008394259150346306,0.16926113875258608,1000,0.5407170491218567,0.451481429643929,0.9921984787657857,0.005352507178119633,0.01049091406911448
part10,12,0.014637661784126014,0.16303988869280128,1000,0.5407170491218567,0.451481429643929,0.9921984787657857,0.0051557739772958465,0.01010531699549986
part10,13,0.007965014153097957,0.12591515640476136,1000,0.5407170491218567,0.451481429643929,0.9921984787657857,0.003981786861753843,0.007804302249037532
part10,14,0.008285275808053676,0.18701916453576417,1000,0.5407170491218567,0.451481429643929,0.9921984787657857,0.0059140652603480144,0.011591567910282109
part10,15,0.010842889171281596,0.1686245309971679,1000,0.5407170491218567,0.451481429643929,0.9921984787657857,0.005332375873287144,0.010451456711642803
part10,16,0.008022294248298015,0.15006665402420757,1000,0.5407170491218567,0.451481429643929,0.9921984787657857,0.004745524275569689,0.009301227580116589
part10,17,0.0017431922343349563,0.14551296136727077,1000,0.5407170491218567,0.451481429643929,0.9921984787657857,0.004601523869966648,0.00901898678513463
part10,18,0.00453658163235537,0.12613965132353905,1000,0.5407170491218567,0.451481429643929,0.9921984787657857,0.003988886014418563,0.007818216588260384
part10,19,0.002729861722819679,0.11537283660374839,1000,0.5407170491218567,0.451481429643929,0.9921984787657857,0.003648409437822902,0.007150882498132888
part10,20,0.004651283593320153,0.12131893513871927,1000,0.5407170491218567,0.451481429643929,0.9921984787657857,0.0038364415834458857,0.007519425503553936
part10,21,-0.0021773819669991044,0.11614703707739223,1000,0.5407170491218567,0.451481429643929,0.9921984787657857,0.003672891806445859,0.007198867940633884
part10,22,0.007124569931778093,0.11554549468435185,1000,0.5407170491218567,0.451481429643929,0.9921984787657857,0.003653869365734301,0.00716158395683923
part10,23,0.018662900336405455,0.12286025881403105,1000,0.5407170491218567,0.451481429643929,0.9921984787657857,0.0038851825177011563,0.007614957734694266
part10,24,0.04061104808469539,0.1257111877673834,1000,0.5407170491218567,0.451481429643929,0.9921984787657857,0.00397533680710029,0.007791660141916568
part10,25,0.06487749290970841,0.1503740823089799,1000,0.5407170491218567,0.451481429643929,0.9921984787657857,0.0047552460115400826,0.009320282182618562
part10,26,0.07297719083983255,0.16251229973343365,1000,0.5407170491218567,0.451481429643929,0.9921984787657857,0.005139090149496249,0.010072616693012649
part10,27,0.08465356162413618,0.1801663850193504,1000,0.5407170491218567,0.451481429643929,0.9921984787657857,0.0056973613445998675,0.011166828235415741
part10,28,0.07229174122388432,0.1714268563860202,1000,0.5407170491218567,0.451481429643929,0.9921984787657857,0.005420993183024048,0.010625146638727134
part10,29,0.07785532982923206,0.14965670934238248,1000,0.5407170491218567,0.451481429643929,0.9921984787657857,0.004732560686477285,0.009275818945495479
part10,30,0.1056017849565675,0.20010747220085381,1000,0.5407170491218567,0.451481429643929,0.9921984787657857,0.006327953889735251,0.012402789623881092
part10,31,0.11484645014818426,0.19526755815998106,1000,0.5407170491218567,0.451481429643929,0.9921984787657857,0.006174902369249379,0.012102808643728782
part10,32,0.2079284479089359,0.2537036400109903,1000,0.5407170491218567,0.451481429643929,0.9921984787657857,0.008022813531101552,0.01572471452095904
part10,33,0.19275221238486054,0.23478385022472234,1000,0.5407170491218567,0.451481429643929,0.9921984787657857,0.007424517245339582,0.014552053800865581
part10,34,0.386760542131245,0.29832914572105745,1000,0.5407170491218567,0.451481429643929,0.9921984787657857,0.009433995928908171,0.018490632020660015
part10,35,0.21997766299110547,0.2276440344755064,1000,0.5407170491218567,0.451481429643929,0.9921984787657857,0.007198736446924943,0.014109523435972889
part10,36,0.19915096183074135,0.20842196264687643,1000,0.5407170491218567,0.451481429643929,0.9921984787657857,0.006590881163666657,0.012918127080786648
part10,37,0.14533574574815186,0.17224098966303636,1000,0.5407170491218567,0.451481429643929,0.9921984787657857,0.005446738337767126,0.010675607142023567
part10,38,0.03816724593844484,0.07882958291878049,1000,0.5407170491218567,0.451481429643929,0.9921984787657857,0.002492810290244504,0.004885908168879228
part10,39,0.04490352673676644,0.08499196377039545,1000,0.5407170491218567,0.451481429643929,0.9921984787657857,0.002687681883249618,0.005267856491169251
part10,40,0.03360469849840488,0.05177852200477646,1000,0.5407170491218567,0.451481429643929,0.9921984787657857,0.0016373806341224144,0.0032092660428799324
part10,41,0.023533809499497394,0.07468173742352201,1000,0.5407170491218567,0.451481429643929,0.9921984787657857,0.0023616438987696447,0.004628822041588504
part10,42,0.0059589671699549086,0.06777035500282473,1000,0.5407170491218567,0.451481429643929,0.9921984787657857,0.00214308679647113,0.004200450121083415
part10,43,0.0058246881494332875,0.0582614101060574,1000,0.5407170491218567,0.451481429643929,0.9921984787657857,0.0018423875562829355,0.0036110796103145538
part10,44,0.007230054537069793,0.054158106032489745,1000,0.5407170491218567,0.451481429643929,0.9921984787657857,0.0017126296882357267,0.0033567541889420243
part10,45,0.0062048640074963135,0.056878717684180805,1000,0.5407170491218567,0.451481429643929,0.9921984787657857,0.001798662982717091,0.0035253794461254984
part10,46,0.0007545727425424981,0.05526620582409737,1000,0.5407170491218567,0.451481429643929,0.9921984787657857,0.001747670880398107,0.0034254349255802897
part10,47,0.0,0.0,1000,0.5407170491218567,0.451481429643929,0.9921984787657857,0.0,0.0
part11,0,-0.004237106690369684,0.12312819230149463,1000,0.5407170491218567,0.451481429643929,0.9921984787657857,0.003893655318519327,0.007631564424297881
part11,1,-0.00088881889046689,0.12997593681382869,1000,0.5407170491218567,0.451481429643929,0.9921984787657857,0.004110200013458273,0.008055992026378215
part11,2,0.007893785977115125,0.15170565641797623,1000,0.5407170491218567,0.451481429643929,0.9921984787657857,0.00479735408211746,0.009402814000950221
part11,3,0.0019298744513544088,0.11497902276056218,1000,0.5407170491218567,0.451481429643929,0.9921984787657857,0.003635955950637174,0.007126473663248862
part11,4,0.005752710338778282,0.13830440176682918,1000,0.5407170491218567,0.451481429643929,0.9921984787657857,0.00437356920010196,0.008572195632199842
part11,5,0.00022732402277302668,0.10434705094061068,1000,0.5407170491218567,0.451481429643929,0.9921984787657857,0.0032997434809394505,0.006467497222641323
part11,6,0.005806898546713334,0.12411612090496484,1000,0.5407170491218567,0.451481429643929,0.9921984787657857,0.003924896364045279,0.007692796873528747
part11,7,0.009633512012252581,0.17371395563648873,1000,0.5407170491218567,0.451481429643929,0.9921984787657857,0.0054933176116874925,0.010766902518907485
part11,8,0.002217471284651383,0.12714991733222183,1000,0.5407170491218567,0.451481429643929,0.9921984787657857,0.004020833430719413,0.007880833524210049
part11,9,0.002380156124190855,0.11221869302124601,1000,0.5407170491218567,0.451481429643929,0.9921984787657857,0.0035486666599437947,0.006955386653489838
part11,10,0.005637950347932873,0.10492446325123833,1000,0.5407170491218567,0.451481429643929,0.9921984787657857,0.0033180028614454905,0.006503285608433162
part11,11,0.0031114401584561744,0.11866576732072462,1000,0.5407170491218567,0.451481429643929,0.9921984787657857,0.0037525410502506637,0.007354980458491301
part11,12,0.004908553352656426,0.12442076828004005,1000,0.5407170491218567,0.451481429643929,0.9921984787657857,0.003934530159929572,0.00771167911346196
part11,13,0.006205316188809916,0.13981415236575925,1000,0.5407170491218567,0.451481429643929,0.9921984787657857,0.004421311706016185,0.008665770943791722
part11,14,0.002488623616854915,0.1172141411959576,1000,0.5407170491218567,0.451481429643929,0.9921984787657857,0.0037066366015979886,0.007265007739132057
part11,15,-0.0006008326270465301,0.10821195805285337,1000,0.5407170491218567,0.451481429643929,0.9921984787657857,0.00342196257513616,0.006707046647266873
part11,16,0.002999924623223275,0.12000356532097504,1000,0.5407170491218567,0.451481429643929,0.9921984787657857,0.0037948459375507625,0.007437898037599495
part11,17,0.002091708958185853,0.13608850560475722,1000,0.5407170491218567,0.451481429643929,0.9921984787657857,0.00430349641079623,0.00843485296516061
part11,18,-0.003272994139677335,0.12940495601063667,1000,0.5407170491218567,0.451481429643929,0.9921984787657857,0.004092144015075082,0.00802060226954716
part11,19,-0.003572052395446241,0.11936918275777457,1000,0.5407170491218567,0.451481429643929,0.9921984787657857,0.0037747849994746703,0.007398578598970354
part11,20,-0.00261257751234174,0.12070958614705009,1000,0.5407170491218567,0.451481429643929,0.9921984787657857,0.0038171722764098696,0.007481657661763344
part11,21,-0.0006188292340661794,0.1174105251857648,1000,0.5407170491218567,0.451481429643929,0.9921984787657857,0.0037128468086358086,0.007277179744926185
part11,22,0.005543641430747087,0.1345797079398964,1000,0.5407170491218567,0.451481429643929,0.9921984787657857,0.004255784039303195,0.008341336717034261
part11,23,-0.002495389742939112,0.13188108417156932,1000,0.5407170491218567,0.451481429643929,0.9921984787657857,0.0041704460627453935,0.008174074282980972
part11,24,0.002133548962391964,0.12778726333047935,1000,0.5407170491218567,0.451481429643929,0.9921984787657857,0.004040988080840288,0.007920336638446965
part11,25,-0.0006095220304610463,0.11727942311324965,1000,0.5407170491218567,0.451481429643929,0.9921984787657857,0.0037087009970846446,0.007269053954285903
part11,26,0.01800513921438631,0.13811537916593308,1000,0.5407170491218567,0.451481429643929,0.9921984787657857,0.004367591780621154,0.008560479890017462
part11,27,0.02239706037628822,0.1069055396452855,1000,0.5407170491218567,0.451481429643929,0.9921984787657857,0.0033806499976853136,0.006626073995463214
part11,28,0.024812738669302233,0.12028875764764706,1000,0.5407170491218567,0.451481429643929,0.9921984787657857,0.0038038645107856257,0.0074555744411398265
part11,29,0.027952843755313594,0.1207644377100203,1000,0.5407170491218567,0.451481429643929,0.9921984787657857,0.0038189068351319297,0.007485057396858582
part11,30,0.02728129772565297,0.12713910812816123,1000,0.5407170491218567,0.451481429643929,0.9921984787657857,0.004020491613674163,0.007880163562801358
part11,31,0.050146657361145305,0.11321896580386227,1000,0.5407170491218567,0.451481429643929,0.9921984787657857,0.0035802980626892136,0.007017384202870859
part11,32,0.06226452625308398,0.1390172528947423,1000,0.5407170491218567,0.451481429643929,0.9921984787657857,0.004396111532070215,0.008616378602857622
part11,33,0.08454935317936658,0.18196388265721294,1000,0.5407170491218567,0.451481429643929,0.9921984787657857,0.005754203210844049,0.011278238293254335
part11,34,0.1678822487449887,0.21744413595686776,1000,0.5407170491218567,0.451481429643929,0.9921984787657857,0.006876187334710187,0.013477327176031968
part11,35,0.38965592076922084,0.27556644073625985,1000,0.5407170491218567,0.451481429643929,0.9921984787657857,0.008714175994323881,0.017079784948874806
part11,36,0.5385634309936893,0.3078372822759485,1000,0.5407170491218567,0.451481429643929,0.9921984787657857,0.009734669607081792,0.019079952429880313
part11,37,0.721163145503058,0.24414254382673287,1000,0.5407170491218567,0.451481429643929,0.9921984787657857,0.007720465122399568,0.015132111639903153
part11,38,0.9408015460859888,0.13414718158521674,1000,0.5407170491218567,0.451481429643929,0.9921984787657857,0.0042421063550148195,0.008314528455829046
part11,39,0.9407408355036648,0.11809916437340912,1000,0.5407170491218567,0.451481429643929,0.9921984787657857,0.0037346234918258503,0.007319862043978666
part11,40,0.9552824372549401,0.12031757232477501,1000,0.5407170491218567,0.451481429643929,0.9921984787657857,0.0038047757108832926,0.0074573603933312535
part11,41,0.9765832024141915,0.11737781938604652,1000,0.5407170491218567,0.451481429643929,0.9921984787657857,0.0037118125604377384,0.007275152618457967
part11,42,0.997691517816501,0.08285646494647894,1000,0.5407170491218567,0.451481429643929,0.9921984787657857,0.0026201514810077478,0.005135496902775185
part11,43,0.9922982412927849,0.07010169114454326,1000,0.5407170491218567,0.451481429643929,0.9921984787657857,0.0022168101184641266,0.004344947832189688
part11,44,0.9925306027484059,0.06730575152294908,1000,0.5407170491218567,0.451481429643929,0.9921984787657857,0.002128394744418658,0.004171653699060569
part11,45,0.987742347619445,0.05615258891541089,1000,0.5407170491218567,0.451481429643929,0.9921984787657857,0.0017757007748782242,0.003480373518761319
part11,46,0.9941311548457099,0.05270114709918585,1000,0.5407170491218567,0.451481429643929,0.9921984787657857,0.00166655660137003,0.0032664509386852586
part11,47,1.0,0.0,1000,0.5407170491218567,0.451481429643929,0.9921984787657857,0.0,0.0
part2,0,0.011635131682098588,0.18736084955935745,1000,0.5407170491218567,0.451481429643929,0.9921984787657857,0.005924870289517246,0.011612745767453801
part2,1,0.010560436451484651,0.20735415676750915,1000,0.5407170491218567,0.451481429643929,0.9921984787657857,0.006557114176889462,0.012851943786703344
part2,2,0.004062507511062794,0.12899058647497802,1000,0.5407170491218567,0.451481429643929,0.9921984787657857,0.004079040499818405,0.007994919379644074
part2,3,0.012639416749634546,0.19023699747420428,1000,0.5407170491218567,0.451481429643929,0.9921984787657857,0.006015822072501846,0.011791011262103619
part2,4,0.009987014404249274,0.16025742237870746,1000,0.5407170491218567,0.451481429643929,0.9921984787657857,0.005067784666643547,0.009932857946621352
part2,5,0.011817014709084946,0.19124754153015303,1000,0.5407170491218567,0.451481429643929,0.9921984787657857,0.006047778281429272,0.011853645431601374
part2,6,0.0010378497314049349,0.17072308285656737,1000,0.5407170491218567,0.451481429643929,0.9921984787657857,0.005398737909923982,0.010581526303451005
part2,7,0.003911961153266538,0.1326378396469644,1000,0.5407170491218567,0.451481429643929,0.9921984787657857,0.004194376772085913,0.00822097847328839
part2,8,0.005403008824937115,0.14412075647651001,1000,0.5407170491218567,0.451481429643929,0.9921984787657857,0.004557498485722349,0.008932697032015803
part2,9,0.007970973152679875,0.1781721477700573,1000,0.5407170491218567,0.451481429643929,0.9921984787657857,0.005634298025574715,0.011043224130126442
part2,10,0.006859491153570315,0.14499365169941383,1000,0.5407170491218567,0.451481429643929,0.9921984787657857,0.004585101856352913,0.00898679963845171
part2,11,0.004308281416910348,0.16851866341829808,1000,0.5407170491218567,0.451481429643929,0.9921984787657857,0.005329028046491183,0.010444894971122718
part2,12,0.0021307043169600864,0.1502845717075439,1000,0.5407170491218567,0.451481429643929,0.9921984787657857,0.004752415437787389,0.009314734258063282
part2,13,0.0035637351743090287,0.15114905115809754,1000,0.5407170491218567,0.451481429643929,0.9921984787657857,0.004779752678328994,0.009368315249524828
part2,14,-0.0006684249528100801,0.14998402095465754,1000,0.5407170491218567,0.451481429643929,0.9921984787657857,0.004742911188471396,0.009296105929403936
part2,15,0.0015230883398131912,0.14142041121077084,1000,0.5407170491218567,0.451481429643929,0.9921984787657857,0.0044721060706364646,0.00876532789844747
part2,16,0.0016345256346179662,0.09916084777687775,1000,0.5407170491218567,0.451481429643929,0.9921984787657857,0.003135741336881778,0.006146053020288285
part2,17,0.0020089982042584458,0.12220992258558028,1000,0.5407170491218567,0.451481429643929,0.9921984787657857,0.003864617080432876,0.007574649477648437
part2,18,0.004743658979039344,0.14175056071903142,1000,0.5407170491218567,0.451481429643929,0.9921984787657857,0.004482546314781345,0.008785790776971435
part2,19,0.007406632156824499,0.12715569239608668,1000,0.5407170491218567,0.451481429643929,0.9921984787657857,0.0040210160542738715,0.007881191466376789
part2,20,0.0023142063729009524,0.12014484376971976,1000,0.5407170491218567,0.451481429643929,0.9921984787657857,0.003799313554374049,0.007446654566573136
part2,21,0.006364831631269327,0.1540746187138224,1000,0.5407170491218567,0.451481429643929,0.9921984787657857,0.0048722672475768145,0.009549643805250555
part2,22,0.03166152934786385,0.17300778121418872,1000,0.5407170491218567,0.451481429643929,0.9921984787657857,0.005470986415689276,0.010723133374750981
part2,23,0.03167707277232387,0.158519079376062,1000,0.5407170491218567,0.451481429643929,0.9921984787657857,0.00501281343421379,0.009825114331059027
part2,24,0.04163182597930295,0.17835207381021242,1000,0.5407170491218567,0.451481429643929,0.9921984787657857,0.005639987786547366,0.011054376061632837
part2,25,0.02451898886464535,0.1509102879850719,1000,0.5407170491218567,0.451481429643929,0.9921984787657857,0.004772202323847694,0.00935351655474148
part2,26,0.019634213382813796,0.13711839797167377,1000,0.5407170491218567,0.451481429643929,0.9921984787657857,0.004336064467039012,0.008498686355396464
part2,27,0.015303553157569203,0.10078909818717167,1000,0.5407170491218567,0.451481429643929,0.9921984787657857,0.003187231135858103,0.0062469730262818815
part2,28,0.01517814678573176,0.11205252756560978,1000,0.5407170491218567,0.451481429643929,0.9921984787657857,0.003543412046861293,0.006945087611848135
part2,29,0.018222916605201967,0.11451127939071286,1000,0.5407170491218567,0.451481429643929,0.9921984787657857,0.00362116460654551,0.007097482628829199
part2,30,0.011713768071044904,0.1177906721948899,1000,0.5407170491218567,0.451481429643929,0.9921984787657857,0.00372486811258117,0.0073007415006590935
part2,31,0.006126549590026185,0.10053622948399688,1000,0.5407170491218567,0.451481429643929,0.9921984787657857,0.003179234725348049,0.006231300061682176
part2,32,0.0060040683401456655,0.08236701694612059,1000,0.5407170491218567,0.451481429643929,0.9921984787657857,0.002604673776234275,0.005105160601419178
part2,33,0.004638913793915867,0.08637518405190496,1000,0.5407170491218567,0.451481429643929,0.9921984787657857,0.0027314231492027116,0.005353589372437314
part2,34,0.0036572390729027013,0.07824741920840468,1000,0.5407170491218567,0.451481429643929,0.9921984787657857,0.0024744006572856828,0.004849825288279938
part2,35,0.003153328877396444,0.06612400083336009,1000,0.5407170491218567,0.451481429643929,0.9921984787657857,0.002091024506362899,0.004098408032471282
part2,36,0.0007889480412076116,0.05811870955909464,1000,0.5407170491218567,0.451481429643929,0.9921984787657857,0.0018378749687653943,0.0036022349387801727
part2,37,-0.0034591843284040007,0.06214895743712971,1000,0.5407170491218567,0.451481429643929,0.9921984787657857,0.0019653225970619075,0.003852032290241339
part2,38,-0.0006946456006729899,0.06262633868085056,1000,0.5407170491218567,0.451481429643929,0.9921984787657857,0.001980418717485926,0.003881620686272415
part2,39,-0.0032650890607275893,0.054814115045890746,1000,0.5407170491218567,0.451481429643929,0.9921984787657857,0.0017333745147151975,0.003397414048841787
part2,40,-0.0014188661870093405,0.07975264580453485,1000,0.5407170491218567,0.451481429643929,0.9921984787657857,0.00252200010167002,0.004943120199273239
part2,41,-0.0017966849308840263,0.0687366772882694,1000,0.5407170491218567,0.451481429643929,0.9921984787657857,0.0021736445902289757,0.004260343396848792
part2,42,0.001821619655465314,0.07926077167952872,1000,0.5407170491218567,0.451481429643929,0.9921984787657857,0.0025064456760988023,0.004912633525153653
part2,43,0.0005008813511026981,0.055977562778524816,1000,0.5407170491218567,0.451481429643929,0.9921984787657857,0.0017701659624520202,0.0034695252864059595
part2,44,-0.001199230497519379,0.0474078062126373,1000,0.5407170491218567,0.451481429643929,0.9921984787657857,0.0014991664650381464,0.0029383662714747667
part2,45,-0.0019216238901470413,0.06454900047776575,1000,0.5407170491218567,0.451481429643929,0.9921984787657857,0.0020412186219703667,0.0040007884990619184
part2,46,-0.0015521153250218106,0.043586095992601236,1000,0.5407170491218567,0.451481429643929,0.9921984787657857,0.0013783133765135742,0.0027014942179666053
part2,47,0.0,0.0,1000,0.5407170491218567,0.451481429643929,0.9921984787657857,0.0,0.0
part3,0,0.004522577751767508,0.15109515374636248,1000,0.5407170491218567,0.451481429643929,0.9921984787657857,0.0047780482925182865,0.009364974653335842
part3,1,0.005377297040081924,0.12690622519084815,1000,0.5407170491218567,0.451481429643929,0.9921984787657857,0.004013127208573167,0.007865729328803408
part3,2,0.0026443858201286186,0.16470192768343594,1000,0.5407170491218567,0.451481429643929,0.9921984787657857,0.005208332264999975,0.01020833123939995
part3,3,0.008111141208741688,0.1670019698639134,1000,0.5407170491218567,0.451481429643929,0.9921984787657857,0.005281065985047663,0.010350889330693419
part3,4,0.009390897145089455,0.1635936173259349,1000,0.5407170491218567,0.451481429643929,0.9921984787657857,0.005173284414159387,0.010139637451752398
part3,5,0.011232601463946956,0.15328738720628432,1000,0.5407170491218567,0.451481429643929,0.9921984787657857,0.004847372801480131,0.009500850690901057
part3,6,0.014685711689772153,0.13960091613952122,1000,0.5407170491218567,0.451481429643929,0.9921984787657857,0.0044145685844704735,0.008652554425562129
part3,7,0.004724648726892318,0.19091526493498306,1000,0.5407170491218567,0.451481429643929,0.9921984787657857,0.006037270772890245,0.01183305071486488
part3,8,0.009610681155987484,0.15740050329176553,1000,0.5407170491218567,0.451481429643929,0.9921984787657857,0.004977440952588096,0.009755784267072668
part3,9,0.010744546422164963,0.19450438031023612,1000,0.5407170491218567,0.451481429643929,0.9921984787657857,0.006150768566599541,0.0120555063905351
part3,10,0.0055773459452678545,0.11671394973079037,1000,0.5407170491218567,0.451481429643929,0.9921984787657857,0.003690819158636936,0.007234005550928395
part3,11,0.011167163474914256,0.18115212423198024,1000,0.5407170491218567,0.451481429643929,0.9921984787657857,0.0057285331555083805,0.011227924984796425
part3,12,0.009504082763861183,0.1262470048863909,1000,0.5407170491218567,0.451481429643929,0.9921984787657857,0.003992280832154022,0.007824870431021883
part3,13,0.01026917867730807,0.17726344081285558,1000,0.5407170491218567,0.451481429643929,0.9921984787657857,0.00560556218847073,0.01098690188940263
part3,14,0.003542634538557134,0.14563784044588707,1000,0.5407170491218567,0.451481429643929,0.9921984787657857,0.004605472893171955,0.009026726870617032
part3,15,0.006481966289718185,0.12558443809651987,1000,0.5407170491218567,0.451481429643929,0.9921984787657857,0.003971328630574236,0.007783804115925502
part3,16,0.0014788792552436428,0.0964872488872921,1000,0.5407170491218567,0.451481429643929,0.9921984787657857,0.003051194716473901,0.005980341644288846
part3,17,0.008735007211161666,0.13425101089917393,1000,0.5407170491218567,0.451481429643929,0.9921984787657857,0.004245389726214794,0.008320963863380996
part3,18,0.00383581963317464,0.11172246653669587,1000,0.5407170491218567,0.451481429643929,0.9921984787657857,0.003532974600679027,0.006924630217330892
part3,19,0.00018819094485917256,0.09230416394481371,1000,0.5407170491218567,0.451481429643929,0.9921984787657857,0.00291891395583204,0.005721071353430798
part3,20,0.0007771223742945631,0.11763153271880192,1000,0.5407170491218567,0.451481429643929,0.9921984787657857,0.003719835680480331,0.007290877933741448
part3,21,0.0036671649837888252,0.10821521040216808,1000,0.5407170491218567,0.451481429643929,0.9921984787657857,0.0034220654234519694,0.00670724822996586
part3,22,-0.00035180274081282625,0.08292074958947915,1000,0.5407170491218567,0.451481429643929,0.9921984787657857,0.0026221843399122625,0.005139481306228035
part3,23,0.0027508283251807424,0.09447220622500364,1000,0.5407170491218567,0.451481429643929,0.9921984787657857,0.002987473472521491,0.0058554480061421225
part3,24,0.00327386108246917,0.07021241215466599,1000,0.5407170491218567,0.451481429643929,0.9921984787657857,0.0022203114242323506,0.0043518103914954075
part3,25,0.005347192320514793,0.12635781412463296,1000,0.5407170491218567,0.451481429643929,0.9921984787657857,0.003995784927940353,0.007831738458763091
part3,26,0.002510638512837337,0.07693107757462356,1000,0.5407170491218567,0.451481429643929,0.9921984787657857,0.0024327742798691265,0.004768237588543488
part3,27,0.0036847046178933494,0.07232561195095306,1000,0.5407170491218567,0.451481429643929,0.9921984787657857,0.0022871366693050605,0.004482787871837919
part3,28,0.006480873655706522,0.05473696341772523,1000,0.5407170491218567,0.451481429643929,0.9921984787657857,0.0017309347660132632,0.003392632141385996
part3,29,0.004142072241792937,0.08776078719777347,1000,0.5407170491218567,0.451481429643929,0.9921984787657857,0.0027752397679431016,0.005439469945168479
part3,30,0.0034250434446733914,0.07783441393934423,1000,0.5407170491218567,0.451481429643929,0.9921984787657857,0.0024613402839268658,0.004824226956496657
part3,31,0.0037145347096984626,0.0707299082159896,1000,0.5407170491218567,0.451481429643929,0.9921984787657857,0.002236676086571838,0.004383885129680803
part3,32,0.004201407009714198,0.07361382606848689,1000,0.5407170491218567,0.451481429643929,0.9921984787657857,0.002327873576558968,0.004562632210055577
part3,33,0.006141196661931263,0.09198087035409885,1000,0.5407170491218567,0.451481429643929,0.9921984787657857,0.0029086905148361076,0.005701033409078771
part3,34,0.0031586870208759814,0.08153155435877175,1000,0.5407170491218567,0.451481429643929,0.9921984787657857,0.002578254129475478,0.005053378093771937
part3,35,0.0012779956656757087,0.07127991388923317,1000,0.5407170491218567,0.451481429643929,0.9921984787657857,0.0022540687931064786,0.004417974834488698
part3,36,0.0010854357009835787,0.07880628942802045,1000,0.5407170491218567,0.451481429643929,0.9921984787657857,0.0024920736853899263,0.004884464423364256
part3,37,0.0004671196813293527,0.057718377079069065,1000,0.5407170491218567,0.451481429643929,0.9921984787657857,0.0018252153441831475,0.003577422074598969
part3,38,0.0005380132993852545,0.06378742795827061,1000,0.5407170491218567,0.451481429643929,0.9921984787657857,0.0020171355843203904,0.003953585745267965
part3,39,-0.0037968112679517938,0.08090588343579826,1000,0.5407170491218567,0.451481429643929,0.9921984787657857,0.0025584686776521175,0.00501459860819815
part3,40,-0.0012850995033770747,0.05708147365958683,1000,0.5407170491218567,0.451481429643929,0.9921984787657857,0.0018050746896320121,0.003537946391678744
part3,41,-0.002225115759973438,0.06791903522948853,1000,0.5407170491218567,0.451481429643929,0.9921984787657857,0.002147788478064007,0.004209665417005454
part3,42,-0.0010092506697901857,0.047437886710731826,1000,0.5407170491218567,0.451481429643929,0.9921984787657857,0.001500117693909457,0.0029402306800625356
part3,43,-0.0029932924944884266,0.06633700610883184,1000,0.5407170491218567,0.451481429643929,0.9921984787657857,0.0020977603246041224,0.00411161023622408
part3,44,-0.00032031805220982294,0.07287119738448429,1000,0.5407170491218567,0.451481429643929,0.9921984787657857,0.002304389595586751,0.0045166036073500315
part3,45,-0.0014603330875658097,0.06577577080030217,1000,0.5407170491218567,0.451481429643929,0.9921984787657857,0.0020800125058215114,0.004076824511410162
part3,46,-0.0014757394001221045,0.03767686879322578,1000,0.5407170491218567,0.451481429643929,0.9921984787657857,0.0011914472048991304,0.0023352365216022957
part3,47,0.0,0.0,1000,0.5407170491218567,0.451481429643929,0.9921984787657857,0.0,0.0
part4,0,-0.005447452227924445,0.12953511079392213,1000,0.5407170491218567,0.451481429643929,0.9921984787657857,0.004096259870710559,0.008028669346592696
part4,1,0.015808622477139996,0.20889542491349092,1000,0.5407170491218567,0.451481429643929,0.9921984787657857,0.006605853355153134,0.012947472576100143
part4,2,-0.0012564164047637958,0.149251367486793,1000,0.5407170491218567,0.451481429643929,0.9921984787657857,0.004719742651530667,0.009250695597000107
part4,3,0.006761530526959015,0.1427117892861963,1000,0.5407170491218567,0.451481429643929,0.9921984787657857,0.004512943031023956,0.008845368340806953
part4,4,0.010313755151619424,0.15955220138035683,1000,0.5407170491218567,0.451481429643929,0.9921984787657857,0.005045483620557889,0.009889147896293462
part4,5,0.004392703316537502,0.13066327316324533,1000,0.5407170491218567,0.451481429643929,0.9921984787657857,0.004131935497286092,0.00809859357468074
part4,6,0.008459093752171944,0.20593692037449296,1000,0.5407170491218567,0.451481429643929,0.9921984787657857,0.006512297227041335,0.012764102565001016
part4,7,0.003886856714383313,0.15747081159034468,1000,0.5407170491218567,0.451481429643929,0.9921984787657857,0.004979664296207309,0.009760142020566324
part4,8,0.008979609856489192,0.1913801277266435,1000,0.5407170491218567,0.451481429643929,0.9921984787657857,0.006051971025101358,0.011861863209198662
part4,9,0.006851113430472921,0.15488714810867363,1000,0.5407170491218567,0.451481429643929,0.9921984787657857,0.004897961683112496,0.009600004898900493
part4,10,0.01512784803703803,0.16707643174738174,1000,0.5407170491218567,0.451481429643929,0.9921984787657857,0.005283420676553923,0.010355504526045688
part4,11,0.006663703983757625,0.1337967727482887,1000,0.5407170491218567,0.451481429643929,0.9921984787657857,0.0042310254546453875,0.008292809891104959
part4,12,0.011713149453328058,0.1959850799910982,1000,0.5407170491218567,0.451481429643929,0.9921984787657857,0.006197592401821627,0.01214728110757039
part4,13,0.005460597420127298,0.12898146533003782,1000,0.5407170491218567,0.451481429643929,0.9921984787657857,0.0040787520638896095,0.007994354045223634
part4,14,0.008169514668446856,0.171268858672851,1000,0.5407170491218567,0.451481429643929,0.9921984787657857,0.005415996856636921,0.010615353839008366
part4,15,0.004879598047559964,0.12257697898740995,1000,0.5407170491218567,0.451481429643929,0.9921984787657857,0.0038762244230281535,0.007597399869135181
part4,16,0.004163200664770797,0.16649901409702575,1000,0.5407170491218567,0.451481429643929,0.9921984787657857,0.005265161127190846,0.010319715809294059
part4,17,0.007623319446078329,0.19310307649688965,1000,0.5407170491218567,0.451481429643929,0.9921984787657857,0.0061064554491589975,0.011968652680351634
part4,18,0.002385125690456888,0.17169841112601913,1000,0.5407170491218567,0.451481429643929,0.9921984787657857,0.005429580497902162,0.010641977775888238
part4,19,0.003752115339061853,0.11254570525380747,1000,0.5407170491218567,0.451481429643929,0.9921984787657857,0.003559007694720104,0.006975655081651403
part4,20,-0.00020862252747508368,0.12763598902929796,1000,0.5407170491218567,0.451481429643929,0.9921984787657857,0.004036204367408453,0.007910960560120568
part4,21,0.0012644252202924462,0.1534967112992714,1000,0.5407170491218567,0.451481429643929,0.9921984787657857,0.004853992210510012,0.009513824732599624
part4,22,0.0029835979834363087,0.10911212077396289,1000,0.5407170491218567,0.451481429643929,0.9921984787657857,0.00345042821977097,0.006762839310751101
part4,23,0.002446014216154949,0.11472013898704476,1000,0.5407170491218567,0.451481429643929,0.9921984787657857,0.003627769326901432,0.0071104278807268065
part4,24,0.006042206472258176,0.1266237260405069,1000,0.5407170491218567,0.451481429643929,0.9921984787657857,0.00400419380105176,0.00784821985006145
part4,25,0.003127782469271175,0.09195184537920023,1000,0.5407170491218567,0.451481429643929,0.9921984787657857,0.002907772664539019,0.005699234422496477
part4,26,0.002280271872258856,0.07721674316675485,1000,0.5407170491218567,0.451481429643929,0.9921984787657857,0.002441807819071882,0.004785943325380889
part4,27,0.004713022848006082,0.12493304910628113,1000,0.5407170491218567,0.451481429643929,0.9921984787657857,0.003950729902055119,0.007743430608028033
part4,28,0.004033706913784957,0.11795871923673128,1000,0.5407170491218567,0.451481429643929,0.9921984787657857,0.003730182226643894,0.007311157164222032
part4,29,0.005649563783487232,0.08779420136699019,1000,0.5407170491218567,0.451481429643929,0.9921984787657857,0.0027762964167515726,0.005441540976833082
part4,30,-0.0008750338744183546,0.09778352774762844,1000,0.5407170491218567,0.451481429643929,0.9921984787657857,0.0030921866532878026,0.006060685840444093
part4,31,0.00304291624083248,0.10684190366095753,1000,0.5407170491218567,0.451481429643929,0.9921984787657857,0.0033786376511690816,0.0066221297962914
part4,32,-0.0008494800757430354,0.10782581047813747,1000,0.5407170491218567,0.451481429643929,0.9921984787657857,0.003409751516645637,0.006683112972625448
part4,33,0.003880266267274213,0.09211714812865802,1000,0.5407170491218567,0.451481429643929,0.9921984787657857,0.0029129999964567672,0.005709479993055264
part4,34,-0.002586295648081773,0.10679139647011976,1000,0.5407170491218567,0.451481429643929,0.9921984787657857,0.0033770404735564406,0.006618999328170623
part4,35,-0.0067827833551626715,0.09683039534431087,1000,0.5407170491218567,0.451481429643929,0.9921984787657857,0.003062045960225865,0.006001610082042696
part4,36,-0.007843368507050114,0.06474518061854773,1000,0.5407170491218567,0.451481429643929,0.9921984787657857,0.0020474223827360023,0.004012947870162565
part4,37,-0.008231142943534006,0.06507560548663237,1000,0.5407170491218567,0.451481429643929,0.9921984787657857,0.0020578713345230835,0.004033427815665244
part4,38,-0.010027829426079871,0.08730487828101395,1000,0.5407170491218567,0.451481429643929,0.9921984787657857,0.0027608226621176997,0.005411212417750691
part4,39,-0.012315481677302929,0.09150358306286592,1000,0.5407170491218567,0.451481429643929,0.9921984787657857,0.002893597365450626,0.0056714508362832265
part4,40,-0.008846944506421883,0.08285052644531898,1000,0.5407170491218567,0.451481429643929,0.9921984787657857,0.0026199636891122177,0.005135128830659946
part4,41,-0.011508630981246935,0.07444958027040025,1000,0.5407170491218567,0.451481429643929,0.9921984787657857,0.0023543024449799925,0.004614432792160785
part4,42,-0.008726452562361703,0.07841603379012042,1000,0.5407170491218567,0.451481429643929,0.9921984787657857,0.0024797327185350658,0.004860276128328729
part4,43,-0.004417329198976363,0.07957267160308513,1000,0.5407170491218567,0.451481429643929,0.9921984787657857,0.002516308817703509,0.004931965282698878
part4,44,-0.005100247942913334,0.048675895088576296,1000,0.5407170491218567,0.451481429643929,0.9921984787657857,0.0015392669562730456,0.0030169632342951693
part4,45,-0.001948162286225633,0.04818574601424359,1000,0.5407170491218567,0.451481429643929,0.9921984787657857,0.0015237670815939003,0.0029865834799240446
part4,46,-0.0027060037430812747,0.05500655954364641,1000,0.5407170491218567,0.451481429643929,0.9921984787657857,0.001739460144075948,0.003409341882388858
part4,47,0.0,0.0,1000,0.5407170491218567,0.451481429643929,0.9921984787657857,0.0,0.0
part5,0,0.0056360925644109204,0.14338677621551166,1000,0.5407170491218567,0.451481429643929,0.9921984787657857,0.004534287991898752,0.008887204464121555
part5,1,0.006771611455425232,0.19593004645327616,1000,0.5407170491218567,0.451481429643929,0.9921984787657857,0.00619585208854948,0.012143870093556981
part5,2,0.011358864945519947,0.1761398462834643,1000,0.5407170491218567,0.451481429643929,0.9921984787657857,0.005570031009676915,0.010917260778966754
part5,3,0.005852164318720483,0.13783360197648648,1000,0.5407170491218567,0.451481429643929,0.9921984787657857,0.0043586812035078335,0.008543015158875353
part5,4,0.01500625713284183,0.1912951416452471,1000,0.5407170491218567,0.451481429643929,0.9921984787657857,0.006049283529235107,0.01185659571730081
part5,5,0.00666671456101004,0.19428158663389763,1000,0.5407170491218567,0.451481429643929,0.9921984787657857,0.0061437232119444215,0.012041697495411065
part5,6,0.017831904710284664,0.28396158981684977,1000,0.5407170491218567,0.451481429643929,0.9921984787657857,0.008979653918237207,0.017600121679744927
part5,7,0.017938277965674147,0.22313155157257003,1000,0.5407170491218567,0.451481429643929,0.9921984787657857,0.0070560392081664685,0.013829836848006278
part5,8,0.003321769947157797,0.14068079753320253,1000,0.5407170491218567,0.451481429643929,0.9921984787657857,0.0044487174325391725,0.008719486167776777
part5,9,0.004081121006096857,0.1279803286036538,1000,0.5407170491218567,0.451481429643929,0.9921984787657857,0.004047093340843426,0.007932302948053116
part5,10,0.008265004109906327,0.1274369259796826,1000,0.5407170491218567,0.451481429643929,0.9921984787657857,0.004029909441060816,0.007898622504479199
part5,11,0.007056247885808321,0.14172572636511893,1000,0.5407170491218567,0.451481429643929,0.9921984787657857,0.004481760983555523,0.008784251527768825
part5,12,0.0058914994607817805,0.149289479609468,1000,0.5407170491218567,0.451481429643929,0.9921984787657857,0.004720947862671835,0.009253057810836796
part5,13,0.009763509511533831,0.1463358691537781,1000,0.5407170491218567,0.451481429643929,0.9921984787657857,0.004627546499063156,0.009069991138163785
part5,14,0.004685548776143477,0.13058680364227446,1000,0.5407170491218567,0.451481429643929,0.9921984787657857,0.0041295173187075925,0.008093853944666881
part5,15,0.0016082940323111675,0.14689558056696395,1000,0.5407170491218567,0.451481429643929,0.9921984787657857,0.0046452461280437445,0.009104682410965738
part5,16,0.002985606982568332,0.09338323546431201,1000,0.5407170491218567,0.451481429643929,0.9921984787657857,0.002953037193430374,0.005787952899123533
part5,17,0.0028777391997656175,0.14063933671179743,1000,0.5407170491218567,0.451481429643929,0.9921984787657857,0.004447406326246156,0.008716916399442465
part5,18,-0.00017478969575977391,0.10874293744524449,1000,0.5407170491218567,0.451481429643929,0.9921984787657857,0.003438753617841842,0.006739957090970011
part5,19,-0.0036001877993756294,0.13133423074923709,1000,0.5407170491218567,0.451481429643929,0.9921984787657857,0.004153153039137115,0.008140179956708746
part5,20,-0.001871655196478543,0.09011648767434581,1000,0.5407170491218567,0.451481429643929,0.9921984787657857,0.0028497335578542287,0.005585477773394288
part5,21,-0.005839884960692899,0.12851260121648395,1000,0.5407170491218567,0.451481429643929,0.9921984787657857,0.004063925278770149,0.007965293546389491
part5,22,0.0005612330760819557,0.11564398737432828,1000,0.5407170491218567,0.451481429643929,0.9921984787657857,0.0036569839780663245,0.0071676885970099954
part5,23,-0.0016710916170051115,0.09463388922533367,1000,0.5407170491218567,0.451481429643929,0.9921984787657857,0.0029925863379212177,0.005865469222325587
part5,24,-0.003820308676108213,0.14169398649920312,1000,0.5407170491218567,0.451481429643929,0.9921984787657857,0.0044807572808663,0.008782284270497948
part5,25,-7.921841480550571e-06,0.08148140229597492,1000,0.5407170491218567,0.451481429643929,0.9921984787657857,0.0025766681819975397,0.005050269636715178
part5,26,0.003387909491740896,0.0944411129981628,1000,0.5407170491218567,0.451481429643929,0.9921984787657857,0.0029864902183552775,0.005853520827976344
part5,27,-0.0019583518442241508,0.09041679613964065,1000,0.5407170491218567,0.451481429643929,0.9921984787657857,0.002859230145363842,0.005604091084913131
part5,28,-0.0009565163928541521,0.08904072942210273,1000,0.5407170491218567,0.451481429643929,0.9921984787657857,0.0028157150949661277,0.005518801586133611
part5,29,-0.0033072272184967656,0.08017386356041077,1000,0.5407170491218567,0.451481429643929,0.9921984787657857,0.002535320176664747,0.0049692275462629035
part5,30,0.002375388869980787,0.10846698861200062,1000,0.5407170491218567,0.451481429643929,0.9921984787657857,0.0034300273495346755,0.006722853605087964
part5,31,-0.0008291356366439363,0.09964322640855802,1000,0.5407170491218567,0.451481429643929,0.9921984787657857,0.0031509954885888293,0.006175951157634105
part5,32,0.0022235806259158744,0.09617346528670988,1000,0.5407170491218567,0.451481429643929,0.9921984787657857,0.003041272007771418,0.0059608931352319785
part5,33,-0.0022908834972855956,0.11355446784185988,1000,0.5407170491218567,0.451481429643929,0.9921984787657857,0.0035909075686862213,0.007038178834624994
part5,34,-3.147327044062109e-05,0.054575616859603895,1000,0.5407170491218567,0.451481429643929,0.9921984787657857,0.0017258325398503416,0.0033826317781066695
part5,35,-0.0006094259732522016,0.07559127913929813,1000,0.5407170491218567,0.451481429643929,0.9921984787657857,0.002390406133257545,0.004685196021184788
part5,36,-0.0011428680347324856,0.08172432050087586,1000,0.5407170491218567,0.451481429643929,0.9921984787657857,0.002584349930123604,0.005065325863042264
part5,37,0.0010465732558163033,0.08524729953495187,1000,0.5407170491218567,0.451481429643929,0.9921984787657857,0.002695756309090606,0.005283682365817588
part5,38,0.0006788274722725371,0.08845802474576686,1000,0.5407170491218567,0.451481429643929,0.9921984787657857,0.002797288355161602,0.00548268517611674
part5,39,-0.00038629769337127014,0.06965899158427358,1000,0.5407170491218567,0.451481429643929,0.9921984787657857,0.002202810729168055,0.004317509029169387
part5,40,-0.00018793087217942024,0.05877650115755105,1000,0.5407170491218567,0.451481429643929,0.9921984787657857,0.0018586761655338458,0.003643005284446338
part5,41,-0.002099543633846359,0.060648652715919,1000,0.5407170491218567,0.451481429643929,0.9921984787657857,0.0019178787960286098,0.003759042440216075
part5,42,-0.0007470385138591298,0.06844827591751104,1000,0.5407170491218567,0.451481429643929,0.9921984787657857,0.0021645245381098645,0.004242468094695334
part5,43,-0.0016611759064107947,0.04206842245601352,1000,0.5407170491218567,0.451481429643929,0.9921984787657857,0.0013303203253117735,0.002607427837611076
part5,44,-0.00240879934182905,0.055476529222968994,1000,0.5407170491218567,0.451481429643929,0.9921984787657857,0.0017543218902547311,0.003438470904899273
part5,45,-0.00212070816787154,0.06289120136491429,1000,0.5407170491218567,0.451481429643929,0.9921984787657857,0.0019887944109741955,0.003898037045509423
part5,46,-0.00202147663196979,0.057798808050679905,1000,0.5407170491218567,0.451481429643929,0.9921984787657857,0.0018277587948302533,0.0035824072378672963
part5,47,0.0,0.0,1000,0.5407170491218567,0.451481429643929,0.9921984787657857,0.0,0.0
part6,0,0.010407439271590263,0.1415908582105575,1000,0.5407170491218567,0.451481429643929,0.9921984787657857,0.004477496078033145,0.008775892312944964
part6,1,0.0051015310666140375,0.10855565783722781,1000,0.5407170491218567,0.451481429643929,0.9921984787657857,0.00343283131663548,0.006728349380605541
part6,2,0.0012239578992145365,0.13683359059100386,1000,0.5407170491218567,0.451481429643929,0.9921984787657857,0.004327058066865576,0.00848103381105653
part6,3,0.003526066900241205,0.1616207820866276,1000,0.5407170491218567,0.451481429643929,0.9921984787657857,0.005110897886114843,0.01001735985678509
part6,4,0.017550843870434586,0.1970277594343989,1000,0.5407170491218567,0.451481429643929,0.9921984787657857,0.006230564820924293,0.012211907049011613
part6,5,0.012132121825178192,0.16578081882735426,1000,0.5407170491218567,0.451481429643929,0.9921984787657857,0.005242449798621639,0.010275201605298412
part6,6,0.0013173208782809327,0.12702730149906485,1000,0.5407170491218567,0.451481429643929,0.9921984787657857,0.004016955977619661,0.007873233716134534
part6,7,0.006642118854844369,0.10769657239201377,1000,0.5407170491218567,0.451481429643929,0.9921984787657857,0.003405664649519718,0.006675102713058647
part6,8,0.009368691720724536,0.13953492148495797,1000,0.5407170491218567,0.451481429643929,0.9921984787657857,0.004412481650252314,0.008648464034494536
part6,9,0.00544760114883717,0.11933822860894477,1000,0.5407170491218567,0.451481429643929,0.9921984787657857,0.0037738061433413303,0.007396660040949007
part6,10,0.012571119914010023,0.15993424518085517,1000,0.5407170491218567,0.451481429643929,0.9921984787657857,0.005057564906313106,0.009912827216373687
part6,11,0.004027009033815303,0.13896592080221312,1000,0.5407170491218567,0.451481429643929,0.9921984787657857,0.004394488268775669,0.00861319700680031
part6,12,0.005342827449273459,0.11530280364661007,1000,0.5407170491218567,0.451481429643929,0.9921984787657857,0.003646194801264562,0.007146541810478541
part6,13,0.0037355513957780585,0.1414995555148379,1000,0.5407170491218567,0.451481429643929,0.9921984787657857,0.004474608833283273,0.008770233313235214
part6,14,0.003744941744855826,0.12401160039441089,1000,0.5407170491218567,0.451481429643929,0.9921984787657857,0.003921591135289737,0.007686318625167885
part6,15,0.0045155730369539765,0.16025956320410564,1000,0.5407170491218567,0.451481429643929,0.9921984787657857,0.005067852365486857,0.00993299063635424
part6,16,0.0030846657382127963,0.12764976743889428,1000,0.5407170491218567,0.451481429643929,0.9921984787657857,0.004036640078977044,0.007911814554795006
part6,17,-0.002447801485010218,0.13395393205126502,1000,0.5407170491218567,0.451481429643929,0.9921984787657857,0.004235995268174284,0.008302550725621596
part6,18,0.000965900004829607,0.10690229917347702,1000,0.5407170491218567,0.451481429643929,0.9921984787657857,0.00338054752496923,0.0066258731489396904
part6,19,-0.004992066416177505,0.14349316283214067,1000,0.5407170491218567,0.451481429643929,0.9921984787657857,0.004537652232109821,0.008893798374935247
part6,20,-0.00031809412512606245,0.11621865729313806,1000,0.5407170491218567,0.451481429643929,0.9921984787657857,0.003675156636528554,0.0072033070075959655
part6,21,-0.001468264855361841,0.11605904627237608,1000,0.5407170491218567,0.451481429643929,0.9921984787657857,0.003670109292875831,0.007193414214036629
part6,22,-0.0010548797011875387,0.13528974976326807,1000,0.5407170491218567,0.451481429643929,0.9921984787657857,0.004278237533261529,0.008385345565192598
part6,23,-0.0029653652720709528,0.1525659697684923,1000,0.5407170491218567,0.451481429643929,0.9921984787657857,0.004824559579008275,0.00945613677485622
part6,24,-0.0007229933428315496,0.16453532121641506,1000,0.5407170491218567,0.451481429643929,0.9921984787657857,0.005203063705912977,0.010198004863589436
part6,25,-0.0024799461530498283,0.11931034597685371,1000,0.5407170491218567,0.451481429643929,0.9921984787657857,0.0037729244170956475,0.007394931857507469
part6,26,-0.0029311469763748967,0.12101214708285365,1000,0.5407170491218567,0.451481429643929,0.9921984787657857,0.0038267400932911824,0.007500410582850717
part6,27,0.00401185232443617,0.08851545192606124,1000,0.5407170491218567,0.451481429643929,0.9921984787657857,0.002799104362054916,0.0054862445496276354
part6,28,0.0009444607827085198,0.11179423071027231,1000,0.5407170491218567,0.451481429643929,0.9921984787657857,0.003535243983108039,0.006929078206891756
part6,29,0.004205860154154095,0.09468798276445553,1000,0.5407170491218567,0.451481429643929,0.9921984787657857,0.0029942969258244627,0.005868821974615947
part6,30,0.003785301259673408,0.10176568260851607,1000,0.5407170491218567,0.451481429643929,0.9921984787657857,0.0032181134468469612,0.006307502355820044
part6,31,0.004815859742641631,0.08685573033609668,1000,0.5407170491218567,0.451481429643929,0.9921984787657857,0.0027466193569944757,0.005383373939709172
part6,32,0.007756285165417774,0.09103705615282552,1000,0.5407170491218567,0.451481429643929,0.9921984787657857,0.0028788444891957444,0.005642535198823659
part6,33,0.007300043714072601,0.09044506563622659,1000,0.5407170491218567,0.451481429643929,0.9921984787657857,0.0028601241053390213,0.005605843246464482
part6,34,0.00607185434750638,0.12334810439733732,1000,0.5407170491218567,0.451481429643929,0.9921984787657857,0.0039006095495981684,0.00764519471721241
part6,35,0.0073893898824126695,0.08769485927233499,1000,0.5407170491218567,0.451481429643929,0.9921984787657857,0.002773154943885148,0.00543538369001489
part6,36,0.002118432305154065,0.10889535180161974,1000,0.5407170491218567,0.451481429643929,0.9921984787657857,0.003443573382984386,0.006749403830649397
part6,37,0.001844450952261244,0.09274723174604681,1000,0.5407170491218567,0.451481429643929,0.9921984787657857,0.0029329249899298334,0.005748532980262473
part6,38,-0.0007934378474263018,0.10952822371805203,1000,0.5407170491218567,0.451481429643929,0.9921984787657857,0.0034635865502152035,0.006788629638421799
part6,39,0.00031415874958522195,0.10168784597968056,1000,0.5407170491218567,0.451481429643929,0.9921984787657857,0.003215652036521868,0.0063026779915828605
part6,40,-0.0009149445973411327,0.06172831951780163,1000,0.5407170491218567,0.451481429643929,0.9921984787657857,0.0019520208581087985,0.003825960881893245
part6,41,-0.00033176742815232307,0.07809258732112957,1000,0.5407170491218567,0.451481429643929,0.9921984787657857,0.0024695044431035647,0.004840228708482987
part6,42,-0.0006507033419077275,0.10425079492344308,1000,0.5407170491218567,0.451481429643929,0.9921984787657857,0.0032966995984119916,0.006461531212887503
part6,43,-0.0038572628478241453,0.08252285500963517,1000,0.5407170491218567,0.451481429643929,0.9921984787657857,0.0026096018085028354,0.005114819544665557
part6,44,-0.000737830759816384,0.04695079720057688,1000,0.5407170491218567,0.451481429643929,0.9921984787657857,0.0014847145711448034,0.0029100405594438146
part6,45,-0.002517177743686692,0.053516383828030534,1000,0.5407170491218567,0.451481429643929,0.9921984787657857,0.001692336650323773,0.003316979834634595
part6,46,-0.0030794847687322362,0.05606103833220483,1000,0.5407170491218567,0.451481429643929,0.9921984787657857,0.0017728056912377451,0.0034746991548259805
part6,47,0.0,0.0,1000,0.5407170491218567,0.451481429643929,0.9921984787657857,0.0,0.0
part7,0,0.007101926051660647,0.15389131439121334,1000,0.5407170491218567,0.451481429643929,0.9921984787657857,0.004866470655932826,0.009538282485628338
part7,1,0.012146516375394243,0.144158035248685,1000,0.5407170491218567,0.451481429643929,0.9921984787657857,0.004558677344006824,0.008935007594253374
part7,2,0.013178590475253344,0.19608404407757968,1000,0.5407170491218567,0.451481429643929,0.9921984787657857,0.00620072192102002,0.01215341496519924
part7,3,0.003589232395543536,0.13880365280930304,1000,0.5407170491218567,0.451481429643929,0.9921984787657857,0.00438935690428627,0.008603139532401088
part7,4,0.010691603025797615,0.18759618388740548,1000,0.5407170491218567,0.451481429643929,0.9921984787657857,0.005932312214399817,0.011627331940223641
part7,5,0.002957018998297011,0.14458011457075792,1000,0.5407170491218567,0.451481429643929,0.9921984787657857,0.004572024664116926,0.008961168341669174
part7,6,0.007723667524017418,0.14979577698185775,1000,0.5407170491218567,0.451481429643929,0.9921984787657857,0.004736958391372935,0.009284438447090954
part7,7,0.001385240176230683,0.1528490387565974,1000,0.5407170491218567,0.451481429643929,0.9921984787657857,0.004833511006381987,0.009473681572508694
part7,8,0.00032264761486299354,0.1446706281458031,1000,0.5407170491218567,0.451481429643929,0.9921984787657857,0.0045748869546799985,0.008966778431172797
part7,9,0.0015254755886614949,0.1586170567306785,1000,0.5407170491218567,0.451481429643929,0.9921984787657857,0.0050159117502108505,0.009831187030413267
part7,10,0.0010965753187884835,0.12672455741338928,1000,0.5407170491218567,0.451481429643929,0.9921984787657857,0.004007382369030861,0.007854469443300488
part7,11,0.00693939964873872,0.16243050729813352,1000,0.5407170491218567,0.451481429643929,0.9921984787657857,0.005136503645587045,0.010067547145350608
part7,12,0.00825345694161661,0.1710375538853368,1000,0.5407170491218567,0.451481429643929,0.9921984787657857,0.00540868235701446,0.010601017419748343
part7,13,-0.0013344136839837358,0.15060268934737706,1000,0.5407170491218567,0.451481429643929,0.9921984787657857,0.004762475200844888,0.00933445139365598
part7,14,0.004398712240315592,0.11882432351939282,1000,0.5407170491218567,0.451481429643929,0.9921984787657857,0.0037575550374999603,0.007364807873499922
part7,15,-0.004694804332672256,0.13974940061015906,1000,0.5407170491218567,0.451481429643929,0.9921984787657857,0.0044192640757142725,0.008661757588399974
part7,16,-0.0018135364173743392,0.12766924600187962,1000,0.5407170491218567,0.451481429643929,0.9921984787657857,0.004037256045222851,0.007913021848636789
part7,17,-0.0008155969989552962,0.14469028396243905,1000,0.5407170491218567,0.451481429643929,0.9921984787657857,0.004575508526178401,0.008967996711309666
part7,18,-0.006029745336273767,0.14941490150709896,1000,0.5407170491218567,0.451481429643929,0.9921984787657857,0.004724914051321577,0.009260831540590292
part7,19,-0.0068871448441400205,0.15976717924380635,1000,0.5407170491218567,0.451481429643929,0.9921984787657857,0.00505228181750806,0.009902472362315798
part7,20,-0.0008647164692811331,0.18944782610216196,1000,0.5407170491218567,0.451481429643929,0.9921984787657857,0.005990866282503307,0.011742097913706482
part7,21,0.002448566892731653,0.16855110596417686,1000,0.5407170491218567,0.451481429643929,0.9921984787657857,0.005330053969871898,0.01044690578094892
part7,22,0.042785926534219414,0.1880494672357586,1000,0.5407170491218567,0.451481429643929,0.9921984787657857,0.00594664629246205,0.011655426733225617
part7,23,0.08267337237930332,0.23254004411726115,1000,0.5407170491218567,0.451481429643929,0.9921984787657857,0.007353561866065843,0.014412981257489053
part7,24,0.17885001631420347,0.33392985804464714,1000,0.5407170491218567,0.451481429643929,0.9921984787657857,0.010559789301577858,0.020697187031092603
part7,25,0.13870407152587363,0.304726658755611,1000,0.5407170491218567,0.451481429643929,0.9921984787657857,0.009636303054406218,0.018887153986636186
part7,26,0.12049045980509855,0.2680319785325791,1000,0.5407170491218567,0.451481429643929,0.9921984787657857,0.008475915379243056,0.01661279414331639
part7,27,0.11234789064877744,0.24393005504688983,1000,0.5407170491218567,0.451481429643929,0.9921984787657857,0.007713745637184227,0.015118941448881085
part7,28,0.1105375861454198,0.2472075644603663,1000,0.5407170491218567,0.451481429643929,0.9921984787657857,0.007817389585176509,0.015322083586945957
part7,29,0.12073033748053562,0.2639581208717641,1000,0.5407170491218567,0.451481429643929,0.9921984787657857,0.008347088688528046,0.01636029382951497
part7,30,0.11539253095007011,0.265473615844844,1000,0.5407170491218567,0.451481429643929,0.9921984787657857,0.008395012847502726,0.016454225181105342
part7,31,0.10505546329053209,0.22263583010270138,1000,0.5407170491218567,0.451481429643929,0.9921984787657857,0.007040363118868154,0.013799111712981581
part7,32,0.10774808874246293,0.2325628312950252,1000,0.5407170491218567,0.451481429643929,0.9921984787657857,0.007354282459897658,0.01441439362139941
part7,33,0.09766442088075826,0.20560632612332963,1000,0.5407170491218567,0.451481429643929,0.9921984787657857,0.006501842918890995,0.01274361212102635
part7,34,0.04399922376449241,0.12926850611205143,1000,0.5407170491218567,0.451481429643929,0.9921984787657857,0.004087829090414798,0.008012145017213005
part7,35,0.03334382819628773,0.09913636107117513,1000,0.5407170491218567,0.451481429643929,0.9921984787657857,0.003134966999257633,0.006144535318544961
part7,36,0.039365890487771435,0.12407850025176874,1000,0.5407170491218567,0.451481429643929,0.9921984787657857,0.003923706694533649,0.007690465121285952
part7,37,0.012398351435112233,0.07544261777917778,1000,0.5407170491218567,0.451481429643929,0.9921984787657857,0.002385705048277157,0.004675981894623228
part7,38,0.005591766252619822,0.08275379930800425,1000,0.5407170491218567,0.451481429643929,0.9921984787657857,0.002616904908457593,0.0051291336205768825
part7,39,-0.00030379648003777413,0.04908807658791504,1000,0.5407170491218567,0.451481429643929,0.9921984787657857,0.0015523012797459817,0.003042510508302124
part7,40,-5.151763187639356e-05,0.05536460340914825,1000,0.5407170491218567,0.451481429643929,0.9921984787657857,0.0017507824852483161,0.0034315336710866997
part7,41,-0.0009962022802271434,0.05304322842547832,1000,0.5407170491218567,0.451481429643929,0.9921984787657857,0.0016773741627309844,0.0032876533589527293
part7,42,-0.002168192249297764,0.06474415832757344,1000,0.5407170491218567,0.451481429643929,0.9921984787657857,0.0020473900550569,0.004012884507911524
part7,43,-0.0016282382895590293,0.046525296538982096,1000,0.5407170491218567,0.451481429643929,0.9921984787657857,0.001471259058779323,0.002883667755207473
part7,44,-0.0023548451660118036,0.04631621716112928,1000,0.5407170491218567,0.451481429643929,0.9921984787657857,0.0014646473883214645,0.0028707088811100703
part7,45,-0.0019399638048288156,0.04269548860329341,1000,0.5407170491218567,0.451481429643929,0.9921984787657857,0.001350149898001684,0.0026462938000833005
part7,46,-0.00272189217466734,0.04422526322695173,1000,0.5407170491218567,0.451481429643929,0.9921984787657857,0.0013985256191765558,0.002741110213586049
part7,47,0.0,0.0,1000,0.5407170491218567,0.451481429643929,0.9921984787657857,0.0,0.0
part8,0,0.007659185724081127,0.17011901845458607,1000,0.5407170491218567,0.451481429643929,0.9921984787657857,0.005379635716287098,0.010544086003922712
part8,1,0.0022448018831222943,0.1315138139230201,1000,0.5407170491218567,0.451481429643929,0.9921984787657857,0.004158831957723077,0.00815131063713723
part8,2,0.009791595100485379,0.15909231406608346,1000,0.5407170491218567,0.451481429643929,0.9921984787657857,0.005030940706756673,0.00986064378524308
part8,3,0.0052865693177214955,0.10625799989530865,1000,0.5407170491218567,0.451481429643929,0.9921984787657857,0.0033601729928310854,0.006585939065948928
part8,4,0.010896607431414258,0.1274767645313223,1000,0.5407170491218567,0.451481429643929,0.9921984787657857,0.004031169246679454,0.007901091723491729
part8,5,0.004458194826899302,0.11175904305958179,1000,0.5407170491218567,0.451481429643929,0.9921984787657857,0.0035341312518911146,0.006926897253706585
part8,6,0.006564769223246789,0.14057894338884194,1000,0.5407170491218567,0.451481429643929,0.9921984787657857,0.004445496521686102,0.008713173182504759
part8,7,0.004505426906860252,0.1768869535560764,1000,0.5407170491218567,0.451481429643929,0.9921984787657857,0.005593656616056221,0.010963566967470192
part8,8,0.005980560272269843,0.13783902504605236,1000,0.5407170491218567,0.451481429643929,0.9921984787657857,0.004358852696025211,0.008543351284209414
part8,9,0.007505055989804472,0.1563369407192851,1000,0.5407170491218567,0.451481429643929,0.9921984787657857,0.004943808150956635,0.009689863975875006
part8,10,0.006716362321386418,0.13339645972815067,1000,0.5407170491218567,0.451481429643929,0.9921984787657857,0.004218366445438818,0.008267998233060084
part8,11,0.012188494742470595,0.14197294728457724,1000,0.5407170491218567,0.451481429643929,0.9921984787657857,0.0044895787954628156,0.008799574439107118
part8,12,0.006671216975637255,0.11682950735014788,1000,0.5407170491218567,0.451481429643929,0.9921984787657857,0.0036944734114185015,0.007241167886380262
part8,13,0.008882737285104586,0.12802749750493536,1000,0.5407170491218567,0.451481429643929,0.9921984787657857,0.0040485849524712,0.007935226506843552
part8,14,0.0007960352259530073,0.1510319059291576,1000,0.5407170491218567,0.451481429643929,0.9921984787657857,0.004776048220924273,0.009361054513011577
part8,15,0.008180313063516352,0.11990442883548694,1000,0.5407170491218567,0.451481429643929,0.9921984787657857,0.003791710966617096,0.007431753494569508
part8,16,0.007224763091272819,0.119133685233718,1000,0.5407170491218567,0.451481429643929,0.9921984787657857,0.00376733791388118,0.007383982311207112
part8,17,0.004424700789896232,0.08236798316860246,1000,0.5407170491218567,0.451481429643929,0.9921984787657857,0.0026047043308719663,0.005105220488509054
part8,18,0.005692925868068036,0.10760728034340816,1000,0.5407170491218567,0.451481429643929,0.9921984787657857,0.003402840987014356,0.006669568334548137
part8,19,0.0016045609268765604,0.08108235700967384,1000,0.5407170491218567,0.451481429643929,0.9921984787657857,0.0025640492620548857,0.005025536553627576
part8,20,0.0006097659924975426,0.11139912364412004,1000,0.5407170491218567,0.451481429643929,0.9921984787657857,0.003522749600621359,0.0069045892172178635
part8,21,0.0016107055201225406,0.07328339019189684,1000,0.5407170491218567,0.451481429643929,0.9921984787657857,0.0023174242766523787,0.004542151582238662
part8,22,0.004417825261930407,0.08116581845367658,1000,0.5407170491218567,0.451481429643929,0.9921984787657857,0.0025666885446534384,0.005030709547520739
part8,23,0.006387724439863447,0.1395000534524711,1000,0.5407170491218567,0.451481429643929,0.9921984787657857,0.004411379026250442,0.008646302891450866
part8,24,0.015528854136764896,0.14200952816257706,1000,0.5407170491218567,0.451481429643929,0.9921984787657857,0.004490735584395698,0.008801841745415567
part8,25,0.01374153892705368,0.17409988075355592,1000,0.5407170491218567,0.451481429643929,0.9921984787657857,0.005505521635449487,0.010790822405480993
part8,26,0.010730514013173641,0.16903810566873306,1000,0.5407170491218567,0.451481429643929,0.9921984787657857,0.005345454252734165,0.010477090335358962
part8,27,0.008401005572627742,0.12327217248699708,1000,0.5407170491218567,0.451481429643929,0.9921984787657857,0.00389820837176054,0.007640488408650658
part8,28,0.005788687146928349,0.16204359803348237,1000,0.5407170491218567,0.451481429643929,0.9921984787657857,0.005124268500345861,0.010043566260677886
part8,29,0.004007057122765727,0.16722123560866295,1000,0.5407170491218567,0.451481429643929,0.9921984787657857,0.005287999776710279,0.010364479562352147
part8,30,0.009233806043706348,0.13671701895567506,1000,0.5407170491218567,0.451481429643929,0.9921984787657857,0.004323371748083481,0.008473808626243622
part8,31,0.00594210871975471,0.16883096504635747,1000,0.5407170491218567,0.451481429643929,0.9921984787657857,0.005338903891107648,0.010464251626570989
part8,32,0.010301204680409284,0.1599954324109258,1000,0.5407170491218567,0.451481429643929,0.9921984787657857,0.005059499816420505,0.00991661964018419
part8,33,0.010116226233041292,0.16166616653966015,1000,0.5407170491218567,0.451481429643929,0.9921984787657857,0.005112333068534281,0.01002017281432719
part8,34,0.005522595247232092,0.1075824816804728,1000,0.5407170491218567,0.451481429643929,0.9921984787657857,0.0034020567844363307,0.006668031297495208
part8,35,0.01036449184859519,0.1053556528875232,1000,0.5407170491218567,0.451481429643929,0.9921984787657857,0.0033316382749866884,0.006530011018973909
part8,36,0.011470426534862101,0.08776053808049258,1000,0.5407170491218567,0.451481429643929,0.9921984787657857,0.0027752318901629806,0.005439454504719442
part8,37,0.0023570127542638414,0.06223491981967602,1000,0.5407170491218567,0.451481429643929,0.9921984787657857,0.001968040966281318,0.003857360293911383
part8,38,0.002465383667684855,0.06102032767176739,1000,0.5407170491218567,0.451481429643929,0.9921984787657857,0.001929632190125844,0.003782079092646654
part8,39,0.00032010557607621787,0.060111952732258826,1000,0.5407170491218567,0.451481429643929,0.9921984787657857,0.0019009068523431966,0.0037257774305926653
part8,40,0.0005970124656320448,0.02239545120132245,1000,0.5407170491218567,0.451481429643929,0.9921984787657857,0.0007082063502333308,0.0013880844464573283
part8,41,-0.0010610614729007915,0.0473842321711258,1000,0.5407170491218567,0.451481429643929,0.9921984787657857,0.0014984209883898295,0.0029369051372440656
part8,42,-0.0016273502940907759,0.06381681948864959,1000,0.5407170491218567,0.451481429643929,0.9921984787657857,0.0020180650261195465,0.003955407451194311
part8,43,-0.0009942066956375379,0.07128530515377762,1000,0.5407170491218567,0.451481429643929,0.9921984787657857,0.002254239279860768,0.004418308988527106
part8,44,-0.0016955130440303259,0.06424916748702053,1000,0.5407170491218567,0.451481429643929,0.9921984787657857,0.002031737070286216,0.003982204657760983
part8,45,-0.00032476050927797635,0.0273433266432208,1000,0.5407170491218567,0.451481429643929,0.9921984787657857,0.0008646719099854398,0.001694756943571462
part8,46,-0.0012248007104846597,0.043696775254919065,1000,0.5407170491218567,0.451481429643929,0.9921984787657857,0.00138181336210029,0.0027083541897165685
part8,47,0.0,0.0,1000,0.5407170491218567,0.451481429643929,0.9921984787657857,0.0,0.0
part9,0,0.00826446342187776,0.1721064831050466,1000,0.5407170491218567,0.451481429643929,0.9921984787657857,0.005442484866932354,0.010667270339187414
part9,1,0.007284985291690053,0.1573287694454697,1000,0.5407170491218567,0.451481429643929,0.9921984787657857,0.004975172529191903,0.009751338157216129
part9,2,0.01529144478477129,0.1971057870344088,1000,0.5407170491218567,0.451481429643929,0.9921984787657857,0.006233032270288172,0.012216743249764817
part9,3,0.0035557912311277797,0.1187798383279852,1000,0.5407170491218567,0.451481429643929,0.9921984787657857,0.003756148292229994,0.007362050652770788
part9,4,0.007954219679354464,0.14808489949302261,1000,0.5407170491218567,0.451481429643929,0.9921984787657857,0.004682855694750652,0.009178397161711278
part9,5,0.013993377780169899,0.1730022209956137,1000,0.5407170491218567,0.451481429643929,0.9921984787657857,0.005470810586139421,0.010722788748833265
part9,6,0.0047191872773325524,0.1613558799680269,1000,0.5407170491218567,0.451481429643929,0.9921984787657857,0.005102520945597019,0.010000941053370158
part9,7,0.0031156873788575836,0.1404523684333629,1000,0.5407170491218567,0.451481429643929,0.9921984787657857,0.00444149387014562,0.008705327985485414
part9,8,0.0027665753035488413,0.15932008341472428,1000,0.5407170491218567,0.451481429643929,0.9921984787657857,0.005038143405985454,0.00987476107573149
part9,9,0.008973078052334183,0.16202447275268533,1000,0.5407170491218567,0.451481429643929,0.9921984787657857,0.005123663705863772,0.010042380863492992
part9,10,0.004518700691139053,0.17724049900219366,1000,0.5407170491218567,0.451481429643929,0.9921984787657857,0.00560483670471733,0.010985479941245966
part9,11,-0.0011129722976545506,0.1427271901076637,1000,0.5407170491218567,0.451481429643929,0.9921984787657857,0.004513430047760702,0.008846322893610975
part9,12,0.005407146749277828,0.1516127804265051,1000,0.5407170491218567,0.451481429643929,0.9921984787657857,0.004794417085387508,0.009397057487359516
part9,13,0.0037218034989681755,0.15646825488328056,1000,0.5407170491218567,0.451481429643929,0.9921984787657857,0.0049479606694293006,0.009698002912081428
part9,14,0.005809284891720732,0.11353233732730592,1000,0.5407170491218567,0.451481429643929,0.9921984787657857,0.003590207740368401,0.007036807171122065
part9,15,0.005188482977810229,0.12701014571287428,1000,0.5407170491218567,0.451481429643929,0.9921984787657857,0.00401641346402553,0.007872170389490039
part9,16,0.0008422482314963616,0.1309121703722016,1000,0.5407170491218567,0.451481429643929,0.9921984787657857,0.004139806318121699,0.00811402038351853
part9,17,0.0013713005993186973,0.10233396024719808,1000,0.5407170491218567,0.451481429643929,0.9921984787657857,0.003236083963662735,0.006342724568778961
part9,18,0.0006650910815101468,0.11567649736811261,1000,0.5407170491218567,0.451481429643929,0.9921984787657857,0.0036580120343370887,0.007169703587300694
part9,19,0.004576677041928409,0.10007428921915855,1000,0.5407170491218567,0.451481429643929,0.9921984787657857,0.0031646268915497436,0.006202668707437497
part9,20,-0.0028661500861038394,0.1386588279095533,1000,0.5407170491218567,0.451481429643929,0.9921984787657857,0.0043847771388351225,0.00859416319211684
part9,21,0.0007467310468532386,0.10068286545077276,1000,0.5407170491218567,0.451481429643929,0.9921984787657857,0.0031838717617671745,0.006240388653063662
part9,22,0.0018541660490440472,0.13656238751522215,1000,0.5407170491218567,0.451481429643929,0.9921984787657857,0.004318481872586442,0.008464224470269427
part9,23,0.005850373391631511,0.12640663110997785,1000,0.5407170491218567,0.451481429643929,0.9921984787657857,0.0039973286565622825,0.007834764166862074
part9,24,0.009646523509489517,0.13086591629533914,1000,0.5407170491218567,0.451481429643929,0.9921984787657857,0.0041383436357821605,0.008111153526133034
part9,25,0.01395828942022281,0.12508381010318675,1000,0.5407170491218567,0.451481429643929,0.9921984787657857,0.003955497383380513,0.007752774871425805
part9,26,0.01782365110563749,0.13084537708289776,1000,0.5407170491218567,0.451481429643929,0.9921984787657857,0.004137694128855552,0.008109880492556882
part9,27,0.025234991133590293,0.11991818326262534,1000,0.5407170491218567,0.451481429643929,0.9921984787657857,0.003792145919793778,0.007432606002795805
part9,28,0.025127795235654428,0.1154492921489756,1000,0.5407170491218567,0.451481429643929,0.9921984787657857,0.003650827174449582,0.007155621261921181
part9,29,0.02510442247916819,0.1539173133974793,1000,0.5407170491218567,0.451481429643929,0.9921984787657857,0.00486729281669984,0.009539893920731686
part9,30,0.02763913351131378,0.15848649477512394,1000,0.5407170491218567,0.451481429643929,0.9921984787657857,0.005011783018657671,0.009823094716569034
part9,31,0.033317762541827146,0.15130107483424796,1000,0.5407170491218567,0.451481429643929,0.9921984787657857,0.004784560089078065,0.009377737774593007
part9,32,0.042361299500312276,0.15091517871439744,1000,0.5407170491218567,0.451481429643929,0.9921984787657857,0.004772356982288575,0.009353819685285607
part9,33,0.04556114837431128,0.13609547892088622,1000,0.5407170491218567,0.451481429643929,0.9921984787657857,0.004303716926414351,0.008435285175772127
part9,34,0.044719871926931776,0.12068572770617736,1000,0.5407170491218567,0.451481429643929,0.9921984787657857,0.003816417806264087,0.007480178900277611
part9,35,0.03323846411335221,0.1059229818608432,1000,0.5407170491218567,0.451481429643929,0.9921984787657857,0.0033495787923696493,0.006565174433044513
part9,36,0.03434470177692277,0.12642933548700838,1000,0.5407170491218567,0.451481429643929,0.9921984787657857,0.0039980466320049994,0.007836171398729799
part9,37,0.03202661057384637,0.09408259197393898,1000,0.5407170491218567,0.451481429643929,0.9921984787657857,0.0029751527880992413,0.005831299464674513
part9,38,0.015218442940892524,0.10073602773071566,1000,0.5407170491218567,0.451481429643929,0.9921984787657857,0.003185552900669445,0.0062436836853121125
part9,39,0.018040495714758523,0.06972543147027066,1000,0.5407170491218567,0.451481429643929,0.9921984787657857,0.002204911742840382,0.004321627015967148
part9,40,0.013954178728623173,0.05642777374679313,1000,0.5407170491218567,0.451481429643929,0.9921984787657857,0.0017844028833251969,0.0034974296513173857
part9,41,0.008020998028712577,0.07738146602781854,1000,0.5407170491218567,0.451481429643929,0.9921984787657857,0.0024470168133084893,0.004796152954084639
part9,42,0.002756782486832879,0.05657208777900898,1000,0.5407170491218567,0.451481429643929,0.9921984787657857,0.001788966493726447,0.003506374327703836
part9,43,0.0026650977448897184,0.0660738978714722,1000,0.5407170491218567,0.451481429643929,0.9921984787657857,0.002089440111592036,0.00409530261872039
part9,44,0.0011984784035223564,0.07443963635893779,1000,0.5407170491218567,0.451481429643929,0.9921984787657857,0.002353987990889268,0.004613816462142965
part9,45,0.0029042186569389976,0.06500886835072801,1000,0.5407170491218567,0.451481429643929,0.9921984787657857,0.002055760920983344,0.004029291405127354
part9,46,0.0015064631778185626,0.04306729731481594,1000,0.5407170491218567,0.451481429643929,0.9921984787657857,0.001361907521824721,0.002669338742776453
part9,47,0.0,0.0,1000,0.5407170491218567,0.451481429643929,0.9921984787657857,0.0,0.0
text,0,0.01296359502619257,0.2190740768287389,1000,0.5407170491218567,0.451481429643929,0.9921984787657857,0.006927730590775322,0.013578351957919631
text,1,0.0157320603901506,0.22910589588367558,1000,0.5407170491218567,0.451481429643929,0.9921984787657857,0.0072449645636581,0.014200130544769875
text,2,0.009320369087967451,0.18849294085889828,1000,0.5407170491218567,0.451481429643929,0.9921984787657857,0.005960670159775336,0.011682913513159658
text,3,0.007743918475539166,0.18102663539563943,1000,0.5407170491218567,0.451481429643929,0.9921984787657857,0.0057245648500707695,0.011220147106138709
text,4,0.009724069123432854,0.20391987038846374,1000,0.5407170491218567,0.451481429643929,0.9921984787657857,0.006448512505938703,0.012639084511639857
text,5,0.005476274104968814,0.14136599523634305,1000,0.5407170491218567,0.451481429643929,0.9921984787657857,0.004470385286433572,0.0087619551614098
text,6,-0.002336174612369053,0.17872541757220067,1000,0.5407170491218567,0.451481429643929,0.9921984787657857,0.005651793952928353,0.011077516147739571
text,7,0.0013563110228980374,0.14448431034864254,1000,0.5407170491218567,0.451481429643929,0.9921984787657857,0.004568995068603473,0.008955230334462806
text,8,0.0011004722054062657,0.1424072137644087,1000,0.5407170491218567,0.451481429643929,0.9921984787657857,0.004503311507340126,0.008826490554386647
text,9,0.005160019918620308,0.172177079699065,1000,0.5407170491218567,0.451481429643929,0.9921984787657857,0.005444717327253839,0.010671645961417524
text,10,-0.00018150556931254835,0.2324337287024751,1000,0.5407170491218567,0.451481429643929,0.9921984787657857,0.007350199877454749,0.014406391759811307
text,11,-0.0007592976619014895,0.20769281952784355,1000,0.5407170491218567,0.451481429643929,0.9921984787657857,0.006567823633702826,0.012872934322057538
text,12,-0.00022064839971445334,0.2350234472114531,1000,0.5407170491218567,0.451481429643929,0.9921984787657857,0.007432093967325405,0.014566904175957794
text,13,0.004586408761520162,0.24115236709103363,1000,0.5407170491218567,0.451481429643929,0.9921984787657857,0.007625907431486999,0.014946778565714518
text,14,-0.002477768364356362,0.19259982663323766,1000,0.5407170491218567,0.451481429643929,0.9921984787657857,0.006090541291145903,0.01193746093064597
text,15,-0.0035680843727700926,0.2022038097985252,1000,0.5407170491218567,0.451481429643929,0.9921984787657857,0.006394245905268123,0.012532721974325521
text,16,-0.0005468678422173339,0.21550535467246862,1000,0.5407170491218567,0.451481429643929,0.9921984787657857,0.006814877687274108,0.013357160267057251
text,17,-0.0030528529654356962,0.18071337103290563,1000,0.5407170491218567,0.451481429643929,0.9921984787657857,0.00571465856111077,0.011200730779777108
text,18,-0.0026167178259528115,0.18959763279670835,1000,0.5407170491218567,0.451481429643929,0.9921984787657857,0.005995603586138385,0.011751383028831233
text,19,0.0014623838900963732,0.23529410483093552,1000,0.5407170491218567,0.451481429643929,0.9921984787657857,0.007440652912761842,0.01458367970901321
text,20,0.011736418356161508,0.20826974148440575,1000,0.5407170491218567,0.451481429643929,0.9921984787657857,0.006586067507851799,0.012908692315389526
text,21,0.006610412472384822,0.22081398207164168,1000,0.5407170491218567,0.451481429643929,0.9921984787657857,0.006982751225579735,0.01368619240213628
text,22,0.08579265173515718,0.24651436107883087,1000,0.5407170491218567,0.451481429643929,0.9921984787657857,0.007795468569502683,0.015279118396225257
text,23,0.2366025302204344,0.3056030280195727,1000,0.5407170491218567,0.451481429643929,0.9921984787657857,0.009664016283861059,0.018941471916367674
text,24,0.5671829043921671,0.42262288181847824,1000,0.5407170491218567,0.451481429643929,0.9921984787657857,0.013364508978505548,0.026194437597870875
text,25,0.5729091663018138,0.37474275226203413,1000,0.5407170491218567,0.451481429643929,0.9921984787657857,0.01185040633788244,0.02322679642224958
text,26,0.5921886421092263,0.39132195688361804,1000,0.5407170491218567,0.451481429643929,0.9921984787657857,0.012374686821864392,0.02425438617085421
text,27,0.5873280648429592,0.35107090984071365,1000,0.5407170491218567,0.451481429643929,0.9921984787657857,0.011101836953242761,0.021759600428355813
text,28,0.5748897850942654,0.3869498335552386,1000,0.5407170491218567,0.451481429643929,0.9921984787657857,0.012236428142576038,0.023983399159449036
text,29,0.6206541557765309,0.37898410894352813,1000,0.5407170491218567,0.451481429643929,0.9921984787657857,0.011984529812709383,0.02348967843291039
text,30,0.6385804624212716,0.39137764493206684,1000,0.5407170491218567,0.451481429643929,0.9921984787657857,0.012376447832579872,0.02425783775185655
text,31,0.7004981293261737,0.3669136718580924,1000,0.5407170491218567,0.451481429643929,0.9921984787657857,0.01160282907727197,0.02274154499145306
text,32,0.8281630176493692,0.2901275865594752,1000,0.5407170491218567,0.451481429643929,0.9921984787657857,0.009174639855755961,0.017982294117281684
text,33,0.8298663989308167,0.2613122165494708,1000,0.5407170491218567,0.451481429643929,0.9921984787657857,0.008263417847234734,0.016196298980580077
text,34,0.9312115737231338,0.1709687352061033,1000,0.5407170491218567,0.451481429643929,0.9921984787657857,0.005406506119295036,0.01059675199381827
text,35,0.9448723104826182,0.15793332461270954,1000,0.5407170491218567,0.451481429643929,0.9921984787657857,0.004994290242188923,0.009788808874690288
text,36,0.962816358374365,0.12933430351206693,1000,0.5407170491218567,0.451481429643929,0.9921984787657857,0.00408990978689646,0.008016223182317062
text,37,0.965289858042231,0.09837678572481842,1000,0.5407170491218567,0.451481429643929,0.9921984787657857,0.0031109471177676483,0.00609745635082459
text,38,0.9791339240073806,0.09032808224976843,1000,0.5407170491218567,0.451481429643929,0.9921984787657857,0.0028564247658429466,0.005598592541052175
text,39,0.9799947991637844,0.09183894104221473,1000,0.5407170491218567,0.451481429643929,0.9921984787657857,0.0029042023159131652,0.005692236539189804
text,40,0.9867887489590021,0.06285509823417249,1000,0.5407170491218567,0.451481429643929,0.9921984787657857,0.001987652729736126,0.003895799350282807
text,41,0.9916049453417766,0.07134125444283085,1000,0.5407170491218567,0.451481429643929,0.9921984787657857,0.0022560085517295213,0.004421776761389861
text,42,0.998554526977097,0.0492038061345102,1000,0.5407170491218567,0.451481429643929,0.9921984787657857,0.0015559609693441747,0.0030496834999145825
text,43,0.9990794822164607,0.06066626648406834,1000,0.5407170491218567,0.451481429643929,0.9921984787657857,0.00191843579228391,0.0037601341528764633
text,44,0.9965619594149694,0.0628412560361297,1000,0.5407170491218567,0.451481429643929,0.9921984787657857,0.0019872150009997425,0.003894941401959495
text,45,0.9941419136404457,0.060436945397423336,1000,0.5407170491218567,0.451481429643929,0.9921984787657857,0.0019111840227908797,0.0037459206846701242
text,46,0.998834522205468,0.04090252293461682,1000,0.5407170491218567,0.451481429643929,0.9921984787657857,0.0012934513452066356,0.0025351646366050056
text,47,1.0,0.0,1000,0.5407170491218567,0.451481429643929,0.9921984787657857,0.0,0.0
